This is pdfTeX, Version 3.141592653-2.6-1.40.29 (MiKTeX 26.2) (preloaded format=pdflatex 2026.3.5)  19 JUN 2026 21:12
entering extended mode
 restricted \write18 enabled.
 %&-line parsing enabled.
**./main.tex
(main.tex
LaTeX2e <2025-11-01>
L3 programming layer <2026-01-19>
(C:\Users\21355\AppData\Local\Programs\MiKTeX\tex/latex/base\report.cls
Document Class: report 2025/01/22 v1.4n Standard LaTeX document class
(C:\Users\21355\AppData\Local\Programs\MiKTeX\tex/latex/base\size12.clo
File: size12.clo 2025/01/22 v1.4n Standard LaTeX file (size option)
)
\c@part=\count275
\c@chapter=\count276
\c@section=\count277
\c@subsection=\count278
\c@subsubsection=\count279
\c@paragraph=\count280
\c@subparagraph=\count281
\c@figure=\count282
\c@table=\count283
\abovecaptionskip=\skip49
\belowcaptionskip=\skip50
\bibindent=\dimen148
)
(C:\Users\21355\AppData\Local\Programs\MiKTeX\tex/latex/base\inputenc.sty
Package: inputenc 2024/02/08 v1.3d Input encoding file
\inpenc@prehook=\toks17
\inpenc@posthook=\toks18
)
(C:\Users\21355\AppData\Local\Programs\MiKTeX\tex/latex/base\fontenc.sty
Package: fontenc 2025/07/18 v2.1d Standard LaTeX package
)
(C:\Users\21355\AppData\Local\Programs\MiKTeX\tex/latex/lm\lmodern.sty
Package: lmodern 2015/05/01 v1.6.1 Latin Modern Fonts
LaTeX Font Info:    Overwriting symbol font `operators' in version `normal'
(Font)                  OT1/cmr/m/n --> OT1/lmr/m/n on input line 22.
LaTeX Font Info:    Overwriting symbol font `letters' in version `normal'
(Font)                  OML/cmm/m/it --> OML/lmm/m/it on input line 23.
LaTeX Font Info:    Overwriting symbol font `symbols' in version `normal'
(Font)                  OMS/cmsy/m/n --> OMS/lmsy/m/n on input line 24.
LaTeX Font Info:    Overwriting symbol font `largesymbols' in version `normal'
(Font)                  OMX/cmex/m/n --> OMX/lmex/m/n on input line 25.
LaTeX Font Info:    Overwriting symbol font `operators' in version `bold'
(Font)                  OT1/cmr/bx/n --> OT1/lmr/bx/n on input line 26.
LaTeX Font Info:    Overwriting symbol font `letters' in version `bold'
(Font)                  OML/cmm/b/it --> OML/lmm/b/it on input line 27.
LaTeX Font Info:    Overwriting symbol font `symbols' in version `bold'
(Font)                  OMS/cmsy/b/n --> OMS/lmsy/b/n on input line 28.
LaTeX Font Info:    Overwriting symbol font `largesymbols' in version `bold'
(Font)                  OMX/cmex/m/n --> OMX/lmex/m/n on input line 29.
LaTeX Font Info:    Overwriting math alphabet `\mathbf' in version `normal'
(Font)                  OT1/cmr/bx/n --> OT1/lmr/bx/n on input line 31.
LaTeX Font Info:    Overwriting math alphabet `\mathsf' in version `normal'
(Font)                  OT1/cmss/m/n --> OT1/lmss/m/n on input line 32.
LaTeX Font Info:    Overwriting math alphabet `\mathit' in version `normal'
(Font)                  OT1/cmr/m/it --> OT1/lmr/m/it on input line 33.
LaTeX Font Info:    Overwriting math alphabet `\mathtt' in version `normal'
(Font)                  OT1/cmtt/m/n --> OT1/lmtt/m/n on input line 34.
LaTeX Font Info:    Overwriting math alphabet `\mathbf' in version `bold'
(Font)                  OT1/cmr/bx/n --> OT1/lmr/bx/n on input line 35.
LaTeX Font Info:    Overwriting math alphabet `\mathsf' in version `bold'
(Font)                  OT1/cmss/bx/n --> OT1/lmss/bx/n on input line 36.
LaTeX Font Info:    Overwriting math alphabet `\mathit' in version `bold'
(Font)                  OT1/cmr/bx/it --> OT1/lmr/bx/it on input line 37.
LaTeX Font Info:    Overwriting math alphabet `\mathtt' in version `bold'
(Font)                  OT1/cmtt/m/n --> OT1/lmtt/m/n on input line 38.
)
(C:\Users\21355\AppData\Local\Programs\MiKTeX\tex/generic/babel\babel.sty
Package: babel 2026/02/14 v26.3 The multilingual framework for LuaLaTeX, pdfLaT
eX and XeLaTeX
\babel@savecnt=\count284
LaTeX Encoding Info:    Redeclaring text command \ij (encoding OT1) on input li
ne 2078.
LaTeX Encoding Info:    Redeclaring text command \IJ (encoding OT1) on input li
ne 2080.
LaTeX Encoding Info:    Redeclaring text command \ij (encoding T1) on input lin
e 2082.
LaTeX Encoding Info:    Redeclaring text command \IJ (encoding T1) on input lin
e 2083.
LaTeX Encoding Info:    Ignoring declaration for text command \ij (encoding ?) 
on input line 2084.
LaTeX Encoding Info:    Ignoring declaration for text command \IJ (encoding ?) 
on input line 2086.
LaTeX Encoding Info:    Ignoring declaration for text command \SS (encoding ?) 
on input line 2111.
\U@D=\dimen149
\l@unhyphenated=\language79

(C:\Users\21355\AppData\Local\Programs\MiKTeX\tex/generic/babel\txtbabel.def)
\bbl@readstream=\read2
\bbl@dirlevel=\count285
Package babel Info: Configuration files are deprecated, as
(babel)             they can break document portability.
(babel)             Reported on input line 4206.

*************************************
* Local config file bblopts.cfg used
*
(C:\Users\21355\AppData\Local\Programs\MiKTeX\tex/latex/arabi\bblopts.cfg
File: bblopts.cfg 2005/09/08 v0.1 add Arabic and Farsi to "declared" options of
 babel
)
(C:\Users\21355\AppData\Local\Programs\MiKTeX\tex/generic/babel/locale/fr\babel
-french.tex)
Package babel Info: Importing font and identification data for french
(babel)             from babel-fr.ini. Reported on input line 4330.

(C:\Users\21355\AppData\Local\Programs\MiKTeX\tex/generic/babel-french\french.l
df
Language: french 2025-08-15 v4.0e French support from the babel system

(C:\Users\21355\AppData\Local\Programs\MiKTeX\tex/generic/babel-french\french3.
ldf
Language: french 2025-08-15 v3.7e French support from the babel system
\FB@stdchar=\count286
Package babel Info: Making : an active character on input line 273.
Package babel Info: Making ; an active character on input line 274.
Package babel Info: Making ! an active character on input line 275.
Package babel Info: Making ? an active character on input line 276.
\FBguill@level=\count287
\FBold@everypar=\toks19
\FB@Mht=\dimen150
\mc@charclass=\count288
\mc@charfam=\count289
\mc@charslot=\count290
\std@mcc=\count291
\dec@mcc=\count292
\FB@pardim=\dimen151
\listindentFB=\dimen152
\descindentFB=\dimen153
\labelindentFB=\dimen154
\labelwidthFB=\dimen155
\leftmarginFB=\dimen156
\parindentFFN=\dimen157
\FBfnindent=\dimen158
)))
(C:\Users\21355\AppData\Local\Programs\MiKTeX\tex/latex/carlisle\scalefnt.sty)
(C:\Users\21355\AppData\Local\Programs\MiKTeX\tex/latex/csquotes\csquotes.sty
Package: csquotes 2024-04-04 v5.2o context-sensitive quotations (JAW)

(C:\Users\21355\AppData\Local\Programs\MiKTeX\tex/latex/etoolbox\etoolbox.sty
Package: etoolbox 2025/10/02 v2.5m e-TeX tools for LaTeX (JAW)
\etb@tempcnta=\count293
)
(C:\Users\21355\AppData\Local\Programs\MiKTeX\tex/latex/graphics\keyval.sty
Package: keyval 2022/05/29 v1.15 key=value parser (DPC)
\KV@toks@=\toks20
)
\csq@reset=\count294
\csq@gtype=\count295
\csq@glevel=\count296
\csq@qlevel=\count297
\csq@maxlvl=\count298
\csq@tshold=\count299
\csq@ltx@everypar=\toks21

(C:\Users\21355\AppData\Local\Programs\MiKTeX\tex/latex/csquotes\csquotes.def
File: csquotes.def 2024-04-04 v5.2o csquotes generic definitions (JAW)
)
Package csquotes Info: Trying to load configuration file 'csquotes.cfg'...
Package csquotes Info: ... configuration file loaded successfully.

(C:\Users\21355\AppData\Local\Programs\MiKTeX\tex/latex/csquotes\csquotes.cfg
File: csquotes.cfg 
)) (C:\Users\21355\AppData\Local\Programs\MiKTeX\tex/latex/tools\tabularx.sty
Package: tabularx 2023/12/11 v2.12a `tabularx' package (DPC)

(C:\Users\21355\AppData\Local\Programs\MiKTeX\tex/latex/tools\array.sty
Package: array 2025/09/25 v2.6n Tabular extension package (FMi)
\col@sep=\dimen159
\ar@mcellbox=\box53
\extrarowheight=\dimen160
\NC@list=\toks22
\extratabsurround=\skip51
\backup@length=\skip52
\ar@cellbox=\box54
)
\TX@col@width=\dimen161
\TX@old@table=\dimen162
\TX@old@col=\dimen163
\TX@target=\dimen164
\TX@delta=\dimen165
\TX@cols=\count300
\TX@ftn=\toks23
)
(C:\Users\21355\AppData\Local\Programs\MiKTeX\tex/latex/geometry\geometry.sty
Package: geometry 2020/01/02 v5.9 Page Geometry

(C:\Users\21355\AppData\Local\Programs\MiKTeX\tex/generic/iftex\ifvtex.sty
Package: ifvtex 2019/10/25 v1.7 ifvtex legacy package. Use iftex instead.

(C:\Users\21355\AppData\Local\Programs\MiKTeX\tex/generic/iftex\iftex.sty
Package: iftex 2024/12/12 v1.0g TeX engine tests
))
\Gm@cnth=\count301
\Gm@cntv=\count302
\c@Gm@tempcnt=\count303
\Gm@bindingoffset=\dimen166
\Gm@wd@mp=\dimen167
\Gm@odd@mp=\dimen168
\Gm@even@mp=\dimen169
\Gm@layoutwidth=\dimen170
\Gm@layoutheight=\dimen171
\Gm@layouthoffset=\dimen172
\Gm@layoutvoffset=\dimen173
\Gm@dimlist=\toks24

(C:\Users\21355\AppData\Local\Programs\MiKTeX\tex/latex/geometry\geometry.cfg))
(C:\Users\21355\AppData\Local\Programs\MiKTeX\tex/latex/fancyhdr\fancyhdr.sty
Package: fancyhdr 2025/02/07 v5.2 Extensive control of page headers and footers

\f@nch@headwidth=\skip53
\f@nch@offset@elh=\skip54
\f@nch@offset@erh=\skip55
\f@nch@offset@olh=\skip56
\f@nch@offset@orh=\skip57
\f@nch@offset@elf=\skip58
\f@nch@offset@erf=\skip59
\f@nch@offset@olf=\skip60
\f@nch@offset@orf=\skip61
\f@nch@height=\skip62
\f@nch@footalignment=\skip63
\f@nch@widthL=\skip64
\f@nch@widthC=\skip65
\f@nch@widthR=\skip66
\@temptokenb=\toks25
)
(C:\Users\21355\AppData\Local\Programs\MiKTeX\tex/latex/graphics\graphicx.sty
Package: graphicx 2024/12/31 v1.2e Enhanced LaTeX Graphics (DPC,SPQR)

(C:\Users\21355\AppData\Local\Programs\MiKTeX\tex/latex/graphics\graphics.sty
Package: graphics 2024/08/06 v1.4g Standard LaTeX Graphics (DPC,SPQR)

(C:\Users\21355\AppData\Local\Programs\MiKTeX\tex/latex/graphics\trig.sty
Package: trig 2023/12/02 v1.11 sin cos tan (DPC)
)
(C:\Users\21355\AppData\Local\Programs\MiKTeX\tex/latex/graphics-cfg\graphics.c
fg
File: graphics.cfg 2016/06/04 v1.11 sample graphics configuration
)
Package graphics Info: Driver file: pdftex.def on input line 106.

(C:\Users\21355\AppData\Local\Programs\MiKTeX\tex/latex/graphics-def\pdftex.def
File: pdftex.def 2025/09/29 v1.2d Graphics/color driver for pdftex
))
\Gin@req@height=\dimen174
\Gin@req@width=\dimen175
) (C:\Users\21355\AppData\Local\Programs\MiKTeX\tex/latex/float\float.sty
Package: float 2001/11/08 v1.3d Float enhancements (AL)
\c@float@type=\count304
\float@exts=\toks26
\float@box=\box55
\@float@everytoks=\toks27
\@floatcapt=\box56
)
(C:\Users\21355\AppData\Local\Programs\MiKTeX\tex/latex/caption\subcaption.sty
Package: subcaption 2023/07/28 v1.6b Sub-captions (AR)

(C:\Users\21355\AppData\Local\Programs\MiKTeX\tex/latex/caption\caption.sty
Package: caption 2023/08/05 v3.6o Customizing captions (AR)

(C:\Users\21355\AppData\Local\Programs\MiKTeX\tex/latex/caption\caption3.sty
Package: caption3 2023/07/31 v2.4d caption3 kernel (AR)
\caption@tempdima=\dimen176
\captionmargin=\dimen177
\caption@leftmargin=\dimen178
\caption@rightmargin=\dimen179
\caption@width=\dimen180
\caption@indent=\dimen181
\caption@parindent=\dimen182
\caption@hangindent=\dimen183
Package caption Info: Standard document class detected.
Package caption Info: french babel package is loaded.
)
\c@caption@flags=\count305
\c@continuedfloat=\count306
Package caption Info: float package is loaded.
)
Package caption Info: New subtype `subfigure' on input line 238.
\c@subfigure=\count307
Package caption Info: New subtype `subtable' on input line 238.
\c@subtable=\count308
) (C:\Users\21355\AppData\Local\Programs\MiKTeX\tex/latex/booktabs\booktabs.sty
Package: booktabs 2020/01/12 v1.61803398 Publication quality tables
\heavyrulewidth=\dimen184
\lightrulewidth=\dimen185
\cmidrulewidth=\dimen186
\belowrulesep=\dimen187
\belowbottomsep=\dimen188
\aboverulesep=\dimen189
\abovetopsep=\dimen190
\cmidrulesep=\dimen191
\cmidrulekern=\dimen192
\defaultaddspace=\dimen193
\@cmidla=\count309
\@cmidlb=\count310
\@aboverulesep=\dimen194
\@belowrulesep=\dimen195
\@thisruleclass=\count311
\@lastruleclass=\count312
\@thisrulewidth=\dimen196
) (C:\Users\21355\AppData\Local\Programs\MiKTeX\tex/latex/tools\longtable.sty
Package: longtable 2025-10-13 v4.24 Multi-page Table package (DPC)
\LTleft=\skip67
\LTright=\skip68
\LTpre=\skip69
\LTpost=\skip70
\LTchunksize=\count313
\LTcapwidth=\dimen197
\LT@head=\box57
\LT@firsthead=\box58
\LT@foot=\box59
\LT@lastfoot=\box60
\LT@gbox=\box61
\LT@cols=\count314
\LT@rows=\count315
\c@LT@tables=\count316
\c@LT@chunks=\count317
\LT@p@ftn=\toks28
)
(C:\Users\21355\AppData\Local\Programs\MiKTeX\tex/latex/multirow\multirow.sty
Package: multirow 2024/11/12 v2.9 Span multiple rows of a table
\multirow@colwidth=\skip71
\multirow@cntb=\count318
\multirow@dima=\skip72
\bigstrutjot=\dimen198
)
(C:\Users\21355\AppData\Local\Programs\MiKTeX\tex/latex/amsmath\amsmath.sty
Package: amsmath 2025/07/09 v2.17z AMS math features
\@mathmargin=\skip73

For additional information on amsmath, use the `?' option.
(C:\Users\21355\AppData\Local\Programs\MiKTeX\tex/latex/amsmath\amstext.sty
Package: amstext 2024/11/17 v2.01 AMS text

(C:\Users\21355\AppData\Local\Programs\MiKTeX\tex/latex/amsmath\amsgen.sty
File: amsgen.sty 1999/11/30 v2.0 generic functions
\@emptytoks=\toks29
\ex@=\dimen199
))
(C:\Users\21355\AppData\Local\Programs\MiKTeX\tex/latex/amsmath\amsbsy.sty
Package: amsbsy 1999/11/29 v1.2d Bold Symbols
\pmbraise@=\dimen256
)
(C:\Users\21355\AppData\Local\Programs\MiKTeX\tex/latex/amsmath\amsopn.sty
Package: amsopn 2022/04/08 v2.04 operator names
)
\inf@bad=\count319
LaTeX Info: Redefining \frac on input line 233.
\uproot@=\count320
\leftroot@=\count321
LaTeX Info: Redefining \overline on input line 398.
LaTeX Info: Redefining \colon on input line 409.
\classnum@=\count322
\DOTSCASE@=\count323
LaTeX Info: Redefining \ldots on input line 495.
LaTeX Info: Redefining \dots on input line 498.
LaTeX Info: Redefining \cdots on input line 619.
\Mathstrutbox@=\box62
\strutbox@=\box63
LaTeX Info: Redefining \big on input line 721.
LaTeX Info: Redefining \Big on input line 722.
LaTeX Info: Redefining \bigg on input line 723.
LaTeX Info: Redefining \Bigg on input line 724.
\big@size=\dimen257
LaTeX Font Info:    Redeclaring font encoding OML on input line 742.
LaTeX Font Info:    Redeclaring font encoding OMS on input line 743.
\macc@depth=\count324
LaTeX Info: Redefining \bmod on input line 904.
LaTeX Info: Redefining \pmod on input line 909.
LaTeX Info: Redefining \smash on input line 939.
LaTeX Info: Redefining \relbar on input line 969.
LaTeX Info: Redefining \Relbar on input line 970.
\c@MaxMatrixCols=\count325
\dotsspace@=\muskip17
\c@parentequation=\count326
\dspbrk@lvl=\count327
\tag@help=\toks30
\row@=\count328
\column@=\count329
\maxfields@=\count330
\andhelp@=\toks31
\eqnshift@=\dimen258
\alignsep@=\dimen259
\tagshift@=\dimen260
\tagwidth@=\dimen261
\totwidth@=\dimen262
\lineht@=\dimen263
\@envbody=\toks32
\multlinegap=\skip74
\multlinetaggap=\skip75
\mathdisplay@stack=\toks33
LaTeX Info: Redefining \[ on input line 2950.
LaTeX Info: Redefining \] on input line 2951.
)
(C:\Users\21355\AppData\Local\Programs\MiKTeX\tex/latex/amsfonts\amssymb.sty
Package: amssymb 2013/01/14 v3.01 AMS font symbols

(C:\Users\21355\AppData\Local\Programs\MiKTeX\tex/latex/amsfonts\amsfonts.sty
Package: amsfonts 2013/01/14 v3.01 Basic AMSFonts support
\symAMSa=\mathgroup4
\symAMSb=\mathgroup5
LaTeX Font Info:    Redeclaring math symbol \hbar on input line 98.
LaTeX Font Info:    Overwriting math alphabet `\mathfrak' in version `bold'
(Font)                  U/euf/m/n --> U/euf/b/n on input line 106.
)) (C:\Users\21355\AppData\Local\Programs\MiKTeX\tex/latex/xcolor\xcolor.sty
Package: xcolor 2024/09/29 v3.02 LaTeX color extensions (UK)

(C:\Users\21355\AppData\Local\Programs\MiKTeX\tex/latex/graphics-cfg\color.cfg
File: color.cfg 2016/01/02 v1.6 sample color configuration
)
Package xcolor Info: Driver file: pdftex.def on input line 274.
(C:\Users\21355\AppData\Local\Programs\MiKTeX\tex/latex/graphics\mathcolor.ltx)
Package xcolor Info: Model `cmy' substituted by `cmy0' on input line 1349.
Package xcolor Info: Model `hsb' substituted by `rgb' on input line 1353.
Package xcolor Info: Model `RGB' extended on input line 1365.
Package xcolor Info: Model `HTML' substituted by `rgb' on input line 1367.
Package xcolor Info: Model `Hsb' substituted by `hsb' on input line 1368.
Package xcolor Info: Model `tHsb' substituted by `hsb' on input line 1369.
Package xcolor Info: Model `HSB' substituted by `hsb' on input line 1370.
Package xcolor Info: Model `Gray' substituted by `gray' on input line 1371.
Package xcolor Info: Model `wave' substituted by `hsb' on input line 1372.
) (C:\Users\21355\AppData\Local\Programs\MiKTeX\tex/latex/hyperref\hyperref.sty
Package: hyperref 2026-01-29 v7.01p Hypertext links for LaTeX

(C:\Users\21355\AppData\Local\Programs\MiKTeX\tex/latex/kvsetkeys\kvsetkeys.sty
Package: kvsetkeys 2022-10-05 v1.19 Key value parser (HO)
)
(C:\Users\21355\AppData\Local\Programs\MiKTeX\tex/generic/kvdefinekeys\kvdefine
keys.sty
Package: kvdefinekeys 2019-12-19 v1.6 Define keys (HO)
)
(C:\Users\21355\AppData\Local\Programs\MiKTeX\tex/generic/pdfescape\pdfescape.s
ty
Package: pdfescape 2019/12/09 v1.15 Implements pdfTeX's escape features (HO)

(C:\Users\21355\AppData\Local\Programs\MiKTeX\tex/generic/ltxcmds\ltxcmds.sty
Package: ltxcmds 2023-12-04 v1.26 LaTeX kernel commands for general use (HO)
)
(C:\Users\21355\AppData\Local\Programs\MiKTeX\tex/generic/pdftexcmds\pdftexcmds
.sty
Package: pdftexcmds 2020-06-27 v0.33 Utility functions of pdfTeX for LuaTeX (HO
)

(C:\Users\21355\AppData\Local\Programs\MiKTeX\tex/generic/infwarerr\infwarerr.s
ty
Package: infwarerr 2019/12/03 v1.5 Providing info/warning/error messages (HO)
)
Package pdftexcmds Info: \pdf@primitive is available.
Package pdftexcmds Info: \pdf@ifprimitive is available.
Package pdftexcmds Info: \pdfdraftmode found.
))
(C:\Users\21355\AppData\Local\Programs\MiKTeX\tex/latex/hycolor\hycolor.sty
Package: hycolor 2020-01-27 v1.10 Color options for hyperref/bookmark (HO)
)
(C:\Users\21355\AppData\Local\Programs\MiKTeX\tex/latex/hyperref\nameref.sty
Package: nameref 2026-01-29 v2.58 Cross-referencing by name of section

(C:\Users\21355\AppData\Local\Programs\MiKTeX\tex/latex/refcount\refcount.sty
Package: refcount 2019/12/15 v3.6 Data extraction from label references (HO)
)
(C:\Users\21355\AppData\Local\Programs\MiKTeX\tex/generic/gettitlestring\gettit
lestring.sty
Package: gettitlestring 2019/12/15 v1.6 Cleanup title references (HO)

(C:\Users\21355\AppData\Local\Programs\MiKTeX\tex/latex/kvoptions\kvoptions.sty
Package: kvoptions 2022-06-15 v3.15 Key value format for package options (HO)
))
\c@section@level=\count331
)
(C:\Users\21355\AppData\Local\Programs\MiKTeX\tex/generic/stringenc\stringenc.s
ty
Package: stringenc 2019/11/29 v1.12 Convert strings between diff. encodings (HO
)
)
\@linkdim=\dimen264
\Hy@linkcounter=\count332
\Hy@pagecounter=\count333
 (C:\Users\21355\AppData\Local\Programs\MiKTeX\tex/latex/hyperref\pd1enc.def
File: pd1enc.def 2026-01-29 v7.01p Hyperref: PDFDocEncoding definition (HO)
Now handling font encoding PD1 ...
... no UTF-8 mapping file for font encoding PD1
) (C:\Users\21355\AppData\Local\Programs\MiKTeX\tex/generic/intcalc\intcalc.sty
Package: intcalc 2019/12/15 v1.3 Expandable calculations with integers (HO)
)
\Hy@SavedSpaceFactor=\count334
 (C:\Users\21355\AppData\Local\Programs\MiKTeX\tex/latex/hyperref\puenc.def
File: puenc.def 2026-01-29 v7.01p Hyperref: PDF Unicode definition (HO)
Now handling font encoding PU ...
... no UTF-8 mapping file for font encoding PU
)
Package hyperref Info: Option `colorlinks' set `true' on input line 4072.
Package hyperref Info: Hyper figures OFF on input line 4201.
Package hyperref Info: Link nesting OFF on input line 4206.
Package hyperref Info: Hyper index ON on input line 4209.
Package hyperref Info: Plain pages OFF on input line 4216.
Package hyperref Info: Backreferencing OFF on input line 4221.
Package hyperref Info: Implicit mode ON; LaTeX internals redefined.
Package hyperref Info: Bookmarks ON on input line 4468.
\c@Hy@tempcnt=\count335

(C:\Users\21355\AppData\Local\Programs\MiKTeX\tex/latex/url\url.sty
\Urlmuskip=\muskip18
Package: url 2013/09/16  ver 3.4  Verb mode for urls, etc.
)
LaTeX Info: Redefining \url on input line 4807.
\XeTeXLinkMargin=\dimen265

(C:\Users\21355\AppData\Local\Programs\MiKTeX\tex/generic/bitset\bitset.sty
Package: bitset 2019/12/09 v1.3 Handle bit-vector datatype (HO)

(C:\Users\21355\AppData\Local\Programs\MiKTeX\tex/generic/bigintcalc\bigintcalc
.sty
Package: bigintcalc 2019/12/15 v1.5 Expandable calculations on big integers (HO
)
))
\Fld@menulength=\count336
\Field@Width=\dimen266
\Fld@charsize=\dimen267
Package hyperref Info: Hyper figures OFF on input line 6084.
Package hyperref Info: Link nesting OFF on input line 6089.
Package hyperref Info: Hyper index ON on input line 6092.
Package hyperref Info: backreferencing OFF on input line 6099.
Package hyperref Info: Link coloring ON on input line 6102.
Package hyperref Info: Link coloring with OCG OFF on input line 6109.
Package hyperref Info: PDF/A mode OFF on input line 6114.
\Hy@abspage=\count337
\c@Item=\count338
\c@Hfootnote=\count339
)
Package hyperref Info: Driver (autodetected): hpdftex.

(C:\Users\21355\AppData\Local\Programs\MiKTeX\tex/latex/hyperref\hpdftex.def
File: hpdftex.def 2026-01-29 v7.01p Hyperref driver for pdfTeX
\Fld@listcount=\count340
\c@bookmark@seq@number=\count341

(C:\Users\21355\AppData\Local\Programs\MiKTeX\tex/latex/rerunfilecheck\rerunfil
echeck.sty
Package: rerunfilecheck 2025-06-21 v1.11 Rerun checks for auxiliary files (HO)

(C:\Users\21355\AppData\Local\Programs\MiKTeX\tex/generic/uniquecounter\uniquec
ounter.sty
Package: uniquecounter 2019/12/15 v1.4 Provide unlimited unique counter (HO)
)
Package uniquecounter Info: New unique counter `rerunfilecheck' on input line 2
84.
)
\Hy@SectionHShift=\skip76
)
(C:\Users\21355\AppData\Local\Programs\MiKTeX\tex/latex/pdflscape\pdflscape.sty
Package: pdflscape 2022-10-27 v0.13 Display of landscape pages in PDF

(C:\Users\21355\AppData\Local\Programs\MiKTeX\tex/latex/pdflscape\pdflscape-nom
etadata.sty
Package: pdflscape-nometadata 2022-10-28 v0.13 Display of landscape pages in PD
F (HO)

(C:\Users\21355\AppData\Local\Programs\MiKTeX\tex/latex/graphics\lscape.sty
Package: lscape 2020/05/28 v3.02 Landscape Pages (DPC)
)
Package pdflscape Info: Auto-detected driver: pdftex on input line 81.
))
(C:\Users\21355\AppData\Local\Programs\MiKTeX\tex/latex/biblatex\biblatex.sty
Package: biblatex 2025/07/10 v3.21 programmable bibliographies (PK/MW)

(C:\Users\21355\AppData\Local\Programs\MiKTeX\tex/latex/logreq\logreq.sty
Package: logreq 2010/08/04 v1.0 xml request logger
\lrq@indent=\count342

(C:\Users\21355\AppData\Local\Programs\MiKTeX\tex/latex/logreq\logreq.def
File: logreq.def 2010/08/04 v1.0 logreq spec v1.0
))
(C:\Users\21355\AppData\Local\Programs\MiKTeX\tex/latex/base\ifthen.sty
Package: ifthen 2024/03/16 v1.1e Standard LaTeX ifthen package (DPC)
)
\c@tabx@nest=\count343
\c@listtotal=\count344
\c@listcount=\count345
\c@liststart=\count346
\c@liststop=\count347
\c@citecount=\count348
\c@citetotal=\count349
\c@multicitecount=\count350
\c@multicitetotal=\count351
\c@instcount=\count352
\c@maxnames=\count353
\c@minnames=\count354
\c@maxitems=\count355
\c@minitems=\count356
\c@citecounter=\count357
\c@maxcitecounter=\count358
\c@savedcitecounter=\count359
\c@uniquelist=\count360
\c@uniquename=\count361
\c@refsection=\count362
\c@refsegment=\count363
\c@maxextratitle=\count364
\c@maxextratitleyear=\count365
\c@maxextraname=\count366
\c@maxextradate=\count367
\c@maxextraalpha=\count368
\c@abbrvpenalty=\count369
\c@highnamepenalty=\count370
\c@lownamepenalty=\count371
\c@maxparens=\count372
\c@parenlevel=\count373
\blx@tempcnta=\count374
\blx@tempcntb=\count375
\blx@tempcntc=\count376
\c@blx@maxsection=\count377
\blx@maxsegment@0=\count378
\blx@notetype=\count379
\blx@parenlevel@text=\count380
\blx@parenlevel@foot=\count381
\blx@sectionciteorder@0=\count382
\blx@sectionciteorderinternal@0=\count383
\blx@entrysetcounter=\count384
\blx@biblioinstance=\count385
\labelnumberwidth=\skip77
\labelalphawidth=\skip78
\biblabelsep=\skip79
\bibitemsep=\skip80
\bibnamesep=\skip81
\bibinitsep=\skip82
\bibparsep=\skip83
\bibhang=\skip84
\blx@bcfin=\read3
\blx@bcfout=\write3
\blx@langwohyphens=\language80
\c@mincomprange=\count386
\c@maxcomprange=\count387
\c@mincompwidth=\count388
Package biblatex Info: Trying to load biblatex default data model...
Package biblatex Info: ... file 'blx-dm.def' found.

(C:\Users\21355\AppData\Local\Programs\MiKTeX\tex/latex/biblatex\blx-dm.def
File: blx-dm.def 2025/07/10 v3.21 biblatex datamodel (PK/MW)
)
Package biblatex Info: Trying to load biblatex style data model...
Package biblatex Info: ... file 'apa.dbx' found.

(C:\Users\21355\AppData\Local\Programs\MiKTeX\tex/latex/biblatex-apa\apa.dbx
File: apa.dbx 2025/08/27 v9.20 APA biblatex style data model
)
Package biblatex Info: Trying to load biblatex custom data model...
Package biblatex Info: ... file 'biblatex-dm.cfg' not found.
\c@afterword=\count389
\c@savedafterword=\count390
\c@annotator=\count391
\c@savedannotator=\count392
\c@author=\count393
\c@savedauthor=\count394
\c@bookauthor=\count395
\c@savedbookauthor=\count396
\c@commentator=\count397
\c@savedcommentator=\count398
\c@editor=\count399
\c@savededitor=\count400
\c@editora=\count401
\c@savededitora=\count402
\c@editorb=\count403
\c@savededitorb=\count404
\c@editorc=\count405
\c@savededitorc=\count406
\c@foreword=\count407
\c@savedforeword=\count408
\c@holder=\count409
\c@savedholder=\count410
\c@introduction=\count411
\c@savedintroduction=\count412
\c@namea=\count413
\c@savednamea=\count414
\c@nameb=\count415
\c@savednameb=\count416
\c@namec=\count417
\c@savednamec=\count418
\c@translator=\count419
\c@savedtranslator=\count420
\c@shortauthor=\count421
\c@savedshortauthor=\count422
\c@shorteditor=\count423
\c@savedshorteditor=\count424
\c@narrator=\count425
\c@savednarrator=\count426
\c@execproducer=\count427
\c@savedexecproducer=\count428
\c@execdirector=\count429
\c@savedexecdirector=\count430
\c@with=\count431
\c@savedwith=\count432
\c@labelname=\count433
\c@savedlabelname=\count434
\c@institution=\count435
\c@savedinstitution=\count436
\c@lista=\count437
\c@savedlista=\count438
\c@listb=\count439
\c@savedlistb=\count440
\c@listc=\count441
\c@savedlistc=\count442
\c@listd=\count443
\c@savedlistd=\count444
\c@liste=\count445
\c@savedliste=\count446
\c@listf=\count447
\c@savedlistf=\count448
\c@location=\count449
\c@savedlocation=\count450
\c@organization=\count451
\c@savedorganization=\count452
\c@origlocation=\count453
\c@savedoriglocation=\count454
\c@origpublisher=\count455
\c@savedorigpublisher=\count456
\c@publisher=\count457
\c@savedpublisher=\count458
\c@language=\count459
\c@savedlanguage=\count460
\c@origlanguage=\count461
\c@savedoriglanguage=\count462
\c@citation=\count463
\c@savedcitation=\count464
\c@pageref=\count465
\c@savedpageref=\count466
\shorthandwidth=\skip85
\shortjournalwidth=\skip86
\shortserieswidth=\skip87
\shorttitlewidth=\skip88
\shortauthorwidth=\skip89
\shorteditorwidth=\skip90
\locallabelnumberwidth=\skip91
\locallabelalphawidth=\skip92
\localshorthandwidth=\skip93
\localshortjournalwidth=\skip94
\localshortserieswidth=\skip95
\localshorttitlewidth=\skip96
\localshortauthorwidth=\skip97
\localshorteditorwidth=\skip98
Package biblatex Info: Trying to load compatibility code...
Package biblatex Info: ... file 'blx-compat.def' found.

(C:\Users\21355\AppData\Local\Programs\MiKTeX\tex/latex/biblatex\blx-compat.def
File: blx-compat.def 2025/07/10 v3.21 biblatex compatibility (PK/MW)
)
Package biblatex Info: Trying to load generic definitions...
Package biblatex Info: ... file 'biblatex.def' found.
 (C:\Users\21355\AppData\Local\Programs\MiKTeX\tex/latex/biblatex\biblatex.def
File: biblatex.def 2025/07/10 v3.21 biblatex compatibility (PK/MW)
\c@textcitecount=\count467
\c@textcitetotal=\count468
\c@textcitemaxnames=\count469
\c@biburlbigbreakpenalty=\count470
\c@biburlbreakpenalty=\count471
\c@biburlnumpenalty=\count472
\c@biburlucpenalty=\count473
\c@biburllcpenalty=\count474
\biburlbigskip=\muskip19
\biburlnumskip=\muskip20
\biburlucskip=\muskip21
\biburllcskip=\muskip22
\c@smartand=\count475
)
Package biblatex Info: Trying to load bibliography style 'apa'...
Package biblatex Info: ... file 'apa.bbx' found.
 (C:\Users\21355\AppData\Local\Programs\MiKTeX\tex/latex/biblatex-apa\apa.bbx
File: apa.bbx 2025/08/27 v9.20 APA biblatex references style
Package biblatex Info: Trying to load bibliography style 'standard'...
Package biblatex Info: ... file 'standard.bbx' found.

(C:\Users\21355\AppData\Local\Programs\MiKTeX\tex/latex/biblatex/bbx\standard.b
bx
File: standard.bbx 2025/07/10 v3.21 biblatex bibliography style (PK/MW)
\c@bbx:relatedcount=\count476
\c@bbx:relatedtotal=\count477
)
Package biblatex Info: Delimiter 'nameyeardelim' in context 'bib' already defin
ed, overwriting.
Package biblatex Info: Delimiter 'nameyeardelim' in context 'biblist' already d
efined, overwriting.
Package biblatex Info: Delimiter 'nonameyeardelim' in context 'bib' already def
ined, overwriting.
Package biblatex Info: Delimiter 'nonameyeardelim' in context 'biblist' already
 defined, overwriting.
)
Package biblatex Info: Trying to load citation style 'apa'...
Package biblatex Info: ... file 'apa.cbx' found.

(C:\Users\21355\AppData\Local\Programs\MiKTeX\tex/latex/biblatex-apa\apa.cbx
File: apa.cbx 2025/08/27 v9.20 APA biblatex citation style
Package biblatex Info: Delimiter 'nameyeardelim' in context '' already defined,
 overwriting.
Package biblatex Info: Delimiter 'andothersdelim' in context '' already defined
, overwriting.
Package biblatex Info: Redefining '\fullcite'.
Package biblatex Info: Redefining '\citeauthor'.
Package biblatex Info: Redefining '\citeyear'.
Package biblatex Info: Redefining '\cite'.
Package biblatex Info: Redefining '\cites'.
Package biblatex Info: Redefining '\parencite'.
Package biblatex Info: Redefining '\parencites'.
Package biblatex Info: Redefining '\footcite'.
Package biblatex Info: Redefining '\footcites'.
Package biblatex Info: Redefining '\footcitetext'.
Package biblatex Info: Redefining '\footcitetexts'.
Package biblatex Info: Redefining '\smartcite'.
Package biblatex Info: Redefining '\smartcites'.
Package biblatex Info: Redefining '\textcite'.
Package biblatex Info: Redefining '\textcites'.
)
Package biblatex Info: Trying to load configuration file...
Package biblatex Info: ... file 'biblatex.cfg' found.

(C:\Users\21355\AppData\Local\Programs\MiKTeX\tex/latex/biblatex\biblatex.cfg
File: biblatex.cfg 
)
Package biblatex Info: Input encoding 'utf8' detected.
Package biblatex Info: Document encoding is UTF8 ....

(C:\Users\21355\AppData\Local\Programs\MiKTeX\tex/latex/l3kernel\expl3.sty
Package: expl3 2026-01-19 L3 programming layer (loader) 

(C:\Users\21355\AppData\Local\Programs\MiKTeX\tex/latex/l3backend\l3backend-pdf
tex.def
File: l3backend-pdftex.def 2025-10-09 L3 backend support: PDF output (pdfTeX)
\l__color_backend_stack_int=\count478
))
Package biblatex Info: ... and expl3
(biblatex)             2026-01-19 L3 programming layer (loader) 
(biblatex)             is new enough (at least 2020/04/06),
(biblatex)             setting 'casechanger=expl3'.

(C:\Users\21355\AppData\Local\Programs\MiKTeX\tex/latex/biblatex\blx-case-expl3
.sty
(C:\Users\21355\AppData\Local\Programs\MiKTeX\tex/latex/l3packages/xparse\xpars
e.sty
Package: xparse 2025-10-09 L3 Experimental document command parser
)
Package: blx-case-expl3 2025/07/10 v3.21 expl3 case changing code for biblatex
))
(C:\Users\21355\AppData\Local\Programs\MiKTeX\tex/latex/listings\listings.sty
\lst@mode=\count479
\lst@gtempboxa=\box64
\lst@token=\toks34
\lst@length=\count480
\lst@currlwidth=\dimen268
\lst@column=\count481
\lst@pos=\count482
\lst@lostspace=\dimen269
\lst@width=\dimen270
\lst@newlines=\count483
\lst@lineno=\count484
\lst@maxwidth=\dimen271

(C:\Users\21355\AppData\Local\Programs\MiKTeX\tex/latex/listings\lstpatch.sty
File: lstpatch.sty 2025/11/14 1.11b (Carsten Heinz)
)
(C:\Users\21355\AppData\Local\Programs\MiKTeX\tex/latex/listings\lstmisc.sty
File: lstmisc.sty 2025/11/14 1.11b (Carsten Heinz)
\c@lstnumber=\count485
\lst@skipnumbers=\count486
\lst@framebox=\box65
)
(C:\Users\21355\AppData\Local\Programs\MiKTeX\tex/latex/listings\listings.cfg
File: listings.cfg 2025/11/14 1.11b listings configuration
))
Package: listings 2025/11/14 1.11b (Carsten Heinz)
==> First Aid for listings.sty no longer applied!
    Expected:
        2024/09/23 1.10c (Carsten Heinz)
    but found:
        2025/11/14 1.11b (Carsten Heinz)
    so I'm assuming it got fixed.

(C:\Users\21355\AppData\Local\Programs\MiKTeX\tex/latex/pgf/frontendlayer\tikz.
sty
(C:\Users\21355\AppData\Local\Programs\MiKTeX\tex/latex/pgf/basiclayer\pgf.sty
(C:\Users\21355\AppData\Local\Programs\MiKTeX\tex/latex/pgf/utilities\pgfrcs.st
y
(C:\Users\21355\AppData\Local\Programs\MiKTeX\tex/generic/pgf/utilities\pgfutil
-common.tex
\pgfutil@everybye=\toks35
\pgfutil@tempdima=\dimen272
\pgfutil@tempdimb=\dimen273
)
(C:\Users\21355\AppData\Local\Programs\MiKTeX\tex/generic/pgf/utilities\pgfutil
-latex.def
\pgfutil@abb=\box66
)
(C:\Users\21355\AppData\Local\Programs\MiKTeX\tex/generic/pgf/utilities\pgfrcs.
code.tex
(C:\Users\21355\AppData\Local\Programs\MiKTeX\tex/generic/pgf\pgf.revision.tex)
Package: pgfrcs 2025-08-29 v3.1.11a (3.1.11a)
))
Package: pgf 2025-08-29 v3.1.11a (3.1.11a)

(C:\Users\21355\AppData\Local\Programs\MiKTeX\tex/latex/pgf/basiclayer\pgfcore.
sty
(C:\Users\21355\AppData\Local\Programs\MiKTeX\tex/latex/pgf/systemlayer\pgfsys.
sty
(C:\Users\21355\AppData\Local\Programs\MiKTeX\tex/generic/pgf/systemlayer\pgfsy
s.code.tex
Package: pgfsys 2025-08-29 v3.1.11a (3.1.11a)

(C:\Users\21355\AppData\Local\Programs\MiKTeX\tex/generic/pgf/utilities\pgfkeys
.code.tex
\pgfkeys@pathtoks=\toks36
\pgfkeys@temptoks=\toks37

(C:\Users\21355\AppData\Local\Programs\MiKTeX\tex/generic/pgf/utilities\pgfkeys
libraryfiltered.code.tex
\pgfkeys@tmptoks=\toks38
))
\pgf@x=\dimen274
\pgf@y=\dimen275
\pgf@xa=\dimen276
\pgf@ya=\dimen277
\pgf@xb=\dimen278
\pgf@yb=\dimen279
\pgf@xc=\dimen280
\pgf@yc=\dimen281
\pgf@xd=\dimen282
\pgf@yd=\dimen283
\w@pgf@writea=\write4
\r@pgf@reada=\read4
\c@pgf@counta=\count487
\c@pgf@countb=\count488
\c@pgf@countc=\count489
\c@pgf@countd=\count490
\t@pgf@toka=\toks39
\t@pgf@tokb=\toks40
\t@pgf@tokc=\toks41
\pgf@sys@id@count=\count491

(C:\Users\21355\AppData\Local\Programs\MiKTeX\tex/generic/pgf/systemlayer\pgf.c
fg
File: pgf.cfg 2025-08-29 v3.1.11a (3.1.11a)
)
Driver file for pgf: pgfsys-pdftex.def

(C:\Users\21355\AppData\Local\Programs\MiKTeX\tex/generic/pgf/systemlayer\pgfsy
s-pdftex.def
File: pgfsys-pdftex.def 2025-08-29 v3.1.11a (3.1.11a)

(C:\Users\21355\AppData\Local\Programs\MiKTeX\tex/generic/pgf/systemlayer\pgfsy
s-common-pdf.def
File: pgfsys-common-pdf.def 2025-08-29 v3.1.11a (3.1.11a)
)))
(C:\Users\21355\AppData\Local\Programs\MiKTeX\tex/generic/pgf/systemlayer\pgfsy
ssoftpath.code.tex
File: pgfsyssoftpath.code.tex 2025-08-29 v3.1.11a (3.1.11a)
\pgfsyssoftpath@smallbuffer@items=\count492
\pgfsyssoftpath@bigbuffer@items=\count493
)
(C:\Users\21355\AppData\Local\Programs\MiKTeX\tex/generic/pgf/systemlayer\pgfsy
sprotocol.code.tex
File: pgfsysprotocol.code.tex 2025-08-29 v3.1.11a (3.1.11a)
))
(C:\Users\21355\AppData\Local\Programs\MiKTeX\tex/generic/pgf/basiclayer\pgfcor
e.code.tex
Package: pgfcore 2025-08-29 v3.1.11a (3.1.11a)

(C:\Users\21355\AppData\Local\Programs\MiKTeX\tex/generic/pgf/math\pgfmath.code
.tex
(C:\Users\21355\AppData\Local\Programs\MiKTeX\tex/generic/pgf/math\pgfmathutil.
code.tex)
(C:\Users\21355\AppData\Local\Programs\MiKTeX\tex/generic/pgf/math\pgfmathparse
r.code.tex
\pgfmath@dimen=\dimen284
\pgfmath@count=\count494
\pgfmath@box=\box67
\pgfmath@toks=\toks42
\pgfmath@stack@operand=\toks43
\pgfmath@stack@operation=\toks44
)
(C:\Users\21355\AppData\Local\Programs\MiKTeX\tex/generic/pgf/math\pgfmathfunct
ions.code.tex)
(C:\Users\21355\AppData\Local\Programs\MiKTeX\tex/generic/pgf/math\pgfmathfunct
ions.basic.code.tex)
(C:\Users\21355\AppData\Local\Programs\MiKTeX\tex/generic/pgf/math\pgfmathfunct
ions.trigonometric.code.tex)
(C:\Users\21355\AppData\Local\Programs\MiKTeX\tex/generic/pgf/math\pgfmathfunct
ions.random.code.tex)
(C:\Users\21355\AppData\Local\Programs\MiKTeX\tex/generic/pgf/math\pgfmathfunct
ions.comparison.code.tex)
(C:\Users\21355\AppData\Local\Programs\MiKTeX\tex/generic/pgf/math\pgfmathfunct
ions.base.code.tex)
(C:\Users\21355\AppData\Local\Programs\MiKTeX\tex/generic/pgf/math\pgfmathfunct
ions.round.code.tex)
(C:\Users\21355\AppData\Local\Programs\MiKTeX\tex/generic/pgf/math\pgfmathfunct
ions.misc.code.tex)
(C:\Users\21355\AppData\Local\Programs\MiKTeX\tex/generic/pgf/math\pgfmathfunct
ions.integerarithmetics.code.tex)
(C:\Users\21355\AppData\Local\Programs\MiKTeX\tex/generic/pgf/math\pgfmathcalc.
code.tex)
(C:\Users\21355\AppData\Local\Programs\MiKTeX\tex/generic/pgf/math\pgfmathfloat
.code.tex
\c@pgfmathroundto@lastzeros=\count495
))
(C:\Users\21355\AppData\Local\Programs\MiKTeX\tex/generic/pgf/math\pgfint.code.
tex)
(C:\Users\21355\AppData\Local\Programs\MiKTeX\tex/generic/pgf/basiclayer\pgfcor
epoints.code.tex
File: pgfcorepoints.code.tex 2025-08-29 v3.1.11a (3.1.11a)
\pgf@picminx=\dimen285
\pgf@picmaxx=\dimen286
\pgf@picminy=\dimen287
\pgf@picmaxy=\dimen288
\pgf@pathminx=\dimen289
\pgf@pathmaxx=\dimen290
\pgf@pathminy=\dimen291
\pgf@pathmaxy=\dimen292
\pgf@xx=\dimen293
\pgf@xy=\dimen294
\pgf@yx=\dimen295
\pgf@yy=\dimen296
\pgf@zx=\dimen297
\pgf@zy=\dimen298
)
(C:\Users\21355\AppData\Local\Programs\MiKTeX\tex/generic/pgf/basiclayer\pgfcor
epathconstruct.code.tex
File: pgfcorepathconstruct.code.tex 2025-08-29 v3.1.11a (3.1.11a)
\pgf@path@lastx=\dimen299
\pgf@path@lasty=\dimen300
)
(C:\Users\21355\AppData\Local\Programs\MiKTeX\tex/generic/pgf/basiclayer\pgfcor
epathusage.code.tex
File: pgfcorepathusage.code.tex 2025-08-29 v3.1.11a (3.1.11a)
\pgf@shorten@end@additional=\dimen301
\pgf@shorten@start@additional=\dimen302
)
(C:\Users\21355\AppData\Local\Programs\MiKTeX\tex/generic/pgf/basiclayer\pgfcor
escopes.code.tex
File: pgfcorescopes.code.tex 2025-08-29 v3.1.11a (3.1.11a)
\pgfpic=\box68
\pgf@hbox=\box69
\pgf@layerbox@main=\box70
\pgf@picture@serial@count=\count496
)
(C:\Users\21355\AppData\Local\Programs\MiKTeX\tex/generic/pgf/basiclayer\pgfcor
egraphicstate.code.tex
File: pgfcoregraphicstate.code.tex 2025-08-29 v3.1.11a (3.1.11a)
\pgflinewidth=\dimen303
)
(C:\Users\21355\AppData\Local\Programs\MiKTeX\tex/generic/pgf/basiclayer\pgfcor
etransformations.code.tex
File: pgfcoretransformations.code.tex 2025-08-29 v3.1.11a (3.1.11a)
\pgf@pt@x=\dimen304
\pgf@pt@y=\dimen305
\pgf@pt@temp=\dimen306
)
(C:\Users\21355\AppData\Local\Programs\MiKTeX\tex/generic/pgf/basiclayer\pgfcor
equick.code.tex
File: pgfcorequick.code.tex 2025-08-29 v3.1.11a (3.1.11a)
)
(C:\Users\21355\AppData\Local\Programs\MiKTeX\tex/generic/pgf/basiclayer\pgfcor
eobjects.code.tex
File: pgfcoreobjects.code.tex 2025-08-29 v3.1.11a (3.1.11a)
)
(C:\Users\21355\AppData\Local\Programs\MiKTeX\tex/generic/pgf/basiclayer\pgfcor
epathprocessing.code.tex
File: pgfcorepathprocessing.code.tex 2025-08-29 v3.1.11a (3.1.11a)
)
(C:\Users\21355\AppData\Local\Programs\MiKTeX\tex/generic/pgf/basiclayer\pgfcor
earrows.code.tex
File: pgfcorearrows.code.tex 2025-08-29 v3.1.11a (3.1.11a)
\pgfarrowsep=\dimen307
)
(C:\Users\21355\AppData\Local\Programs\MiKTeX\tex/generic/pgf/basiclayer\pgfcor
eshade.code.tex
File: pgfcoreshade.code.tex 2025-08-29 v3.1.11a (3.1.11a)
\pgf@max=\dimen308
\pgf@sys@shading@range@num=\count497
\pgf@shadingcount=\count498
)
(C:\Users\21355\AppData\Local\Programs\MiKTeX\tex/generic/pgf/basiclayer\pgfcor
eimage.code.tex
File: pgfcoreimage.code.tex 2025-08-29 v3.1.11a (3.1.11a)
)
(C:\Users\21355\AppData\Local\Programs\MiKTeX\tex/generic/pgf/basiclayer\pgfcor
eexternal.code.tex
File: pgfcoreexternal.code.tex 2025-08-29 v3.1.11a (3.1.11a)
\pgfexternal@startupbox=\box71
)
(C:\Users\21355\AppData\Local\Programs\MiKTeX\tex/generic/pgf/basiclayer\pgfcor
elayers.code.tex
File: pgfcorelayers.code.tex 2025-08-29 v3.1.11a (3.1.11a)
)
(C:\Users\21355\AppData\Local\Programs\MiKTeX\tex/generic/pgf/basiclayer\pgfcor
etransparency.code.tex
File: pgfcoretransparency.code.tex 2025-08-29 v3.1.11a (3.1.11a)
)
(C:\Users\21355\AppData\Local\Programs\MiKTeX\tex/generic/pgf/basiclayer\pgfcor
epatterns.code.tex
File: pgfcorepatterns.code.tex 2025-08-29 v3.1.11a (3.1.11a)
)
(C:\Users\21355\AppData\Local\Programs\MiKTeX\tex/generic/pgf/basiclayer\pgfcor
erdf.code.tex
File: pgfcorerdf.code.tex 2025-08-29 v3.1.11a (3.1.11a)
)))
(C:\Users\21355\AppData\Local\Programs\MiKTeX\tex/generic/pgf/modules\pgfmodule
shapes.code.tex
File: pgfmoduleshapes.code.tex 2025-08-29 v3.1.11a (3.1.11a)
\pgfnodeparttextbox=\box72
)
(C:\Users\21355\AppData\Local\Programs\MiKTeX\tex/generic/pgf/modules\pgfmodule
plot.code.tex
File: pgfmoduleplot.code.tex 2025-08-29 v3.1.11a (3.1.11a)
)
(C:\Users\21355\AppData\Local\Programs\MiKTeX\tex/latex/pgf/compatibility\pgfco
mp-version-0-65.sty
Package: pgfcomp-version-0-65 2025-08-29 v3.1.11a (3.1.11a)
\pgf@nodesepstart=\dimen309
\pgf@nodesepend=\dimen310
)
(C:\Users\21355\AppData\Local\Programs\MiKTeX\tex/latex/pgf/compatibility\pgfco
mp-version-1-18.sty
Package: pgfcomp-version-1-18 2025-08-29 v3.1.11a (3.1.11a)
))
(C:\Users\21355\AppData\Local\Programs\MiKTeX\tex/latex/pgf/utilities\pgffor.st
y
(C:\Users\21355\AppData\Local\Programs\MiKTeX\tex/latex/pgf/utilities\pgfkeys.s
ty
(C:\Users\21355\AppData\Local\Programs\MiKTeX\tex/generic/pgf/utilities\pgfkeys
.code.tex))
(C:\Users\21355\AppData\Local\Programs\MiKTeX\tex/latex/pgf/math\pgfmath.sty
(C:\Users\21355\AppData\Local\Programs\MiKTeX\tex/generic/pgf/math\pgfmath.code
.tex))
(C:\Users\21355\AppData\Local\Programs\MiKTeX\tex/generic/pgf/utilities\pgffor.
code.tex
Package: pgffor 2025-08-29 v3.1.11a (3.1.11a)
\pgffor@iter=\dimen311
\pgffor@skip=\dimen312
\pgffor@stack=\toks45
\pgffor@toks=\toks46
))
(C:\Users\21355\AppData\Local\Programs\MiKTeX\tex/generic/pgf/frontendlayer/tik
z\tikz.code.tex
Package: tikz 2025-08-29 v3.1.11a (3.1.11a)

(C:\Users\21355\AppData\Local\Programs\MiKTeX\tex/generic/pgf/libraries\pgflibr
aryplothandlers.code.tex
File: pgflibraryplothandlers.code.tex 2025-08-29 v3.1.11a (3.1.11a)
\pgf@plot@mark@count=\count499
\pgfplotmarksize=\dimen313
)
\tikz@lastx=\dimen314
\tikz@lasty=\dimen315
\tikz@lastxsaved=\dimen316
\tikz@lastysaved=\dimen317
\tikz@lastmovetox=\dimen318
\tikz@lastmovetoy=\dimen319
\tikzleveldistance=\dimen320
\tikzsiblingdistance=\dimen321
\tikz@figbox=\box73
\tikz@figbox@bg=\box74
\tikz@tempbox=\box75
\tikz@tempbox@bg=\box76
\tikztreelevel=\count500
\tikznumberofchildren=\count501
\tikznumberofcurrentchild=\count502
\tikz@fig@count=\count503

(C:\Users\21355\AppData\Local\Programs\MiKTeX\tex/generic/pgf/modules\pgfmodule
matrix.code.tex
File: pgfmodulematrix.code.tex 2025-08-29 v3.1.11a (3.1.11a)
\pgfmatrixcurrentrow=\count504
\pgfmatrixcurrentcolumn=\count505
\pgf@matrix@numberofcolumns=\count506
)
\tikz@expandcount=\count507

(C:\Users\21355\AppData\Local\Programs\MiKTeX\tex/generic/pgf/frontendlayer/tik
z/libraries\tikzlibrarytopaths.code.tex
File: tikzlibrarytopaths.code.tex 2025-08-29 v3.1.11a (3.1.11a)
)))
(C:\Users\21355\AppData\Local\Programs\MiKTeX\tex/generic/pgf/libraries\pgflibr
aryarrows.meta.code.tex
File: pgflibraryarrows.meta.code.tex 2025-08-29 v3.1.11a (3.1.11a)
\pgfarrowinset=\dimen322
\pgfarrowlength=\dimen323
\pgfarrowwidth=\dimen324
\pgfarrowlinewidth=\dimen325
)
(C:\Users\21355\AppData\Local\Programs\MiKTeX\tex/generic/pgf/frontendlayer/tik
z/libraries\tikzlibrarypositioning.code.tex
File: tikzlibrarypositioning.code.tex 2025-08-29 v3.1.11a (3.1.11a)
)
(C:\Users\21355\AppData\Local\Programs\MiKTeX\tex/generic/pgf/frontendlayer/tik
z/libraries\tikzlibraryshapes.geometric.code.tex
File: tikzlibraryshapes.geometric.code.tex 2025-08-29 v3.1.11a (3.1.11a)

(C:\Users\21355\AppData\Local\Programs\MiKTeX\tex/generic/pgf/libraries/shapes\
pgflibraryshapes.geometric.code.tex
File: pgflibraryshapes.geometric.code.tex 2025-08-29 v3.1.11a (3.1.11a)
))
(C:\Users\21355\AppData\Local\Programs\MiKTeX\tex/generic/pgf/frontendlayer/tik
z/libraries\tikzlibraryshapes.multipart.code.tex
File: tikzlibraryshapes.multipart.code.tex 2025-08-29 v3.1.11a (3.1.11a)

(C:\Users\21355\AppData\Local\Programs\MiKTeX\tex/generic/pgf/libraries/shapes\
pgflibraryshapes.multipart.code.tex
File: pgflibraryshapes.multipart.code.tex 2025-08-29 v3.1.11a (3.1.11a)
\pgfnodepartlowerbox=\box77
\pgfnodeparttwobox=\box78
\pgfnodepartthreebox=\box79
\pgfnodepartfourbox=\box80
\pgfnodeparttwentybox=\box81
\pgfnodepartnineteenbox=\box82
\pgfnodeparteighteenbox=\box83
\pgfnodepartseventeenbox=\box84
\pgfnodepartsixteenbox=\box85
\pgfnodepartfifteenbox=\box86
\pgfnodepartfourteenbox=\box87
\pgfnodepartthirteenbox=\box88
\pgfnodeparttwelvebox=\box89
\pgfnodepartelevenbox=\box90
\pgfnodeparttenbox=\box91
\pgfnodepartninebox=\box92
\pgfnodeparteightbox=\box93
\pgfnodepartsevenbox=\box94
\pgfnodepartsixbox=\box95
\pgfnodepartfivebox=\box96
))
(C:\Users\21355\AppData\Local\Programs\MiKTeX\tex/generic/pgf/frontendlayer/tik
z/libraries\tikzlibrarydecorations.pathreplacing.code.tex
(C:\Users\21355\AppData\Local\Programs\MiKTeX\tex/generic/pgf/frontendlayer/tik
z/libraries\tikzlibrarydecorations.code.tex
(C:\Users\21355\AppData\Local\Programs\MiKTeX\tex/generic/pgf/modules\pgfmodule
decorations.code.tex
\pgfdecoratedcompleteddistance=\dimen326
\pgfdecoratedremainingdistance=\dimen327
\pgfdecoratedinputsegmentcompleteddistance=\dimen328
\pgfdecoratedinputsegmentremainingdistance=\dimen329
\pgf@decorate@distancetomove=\dimen330
\pgf@decorate@repeatstate=\count508
\pgfdecorationsegmentamplitude=\dimen331
\pgfdecorationsegmentlength=\dimen332
)
\tikz@lib@dec@box=\box97
)
(C:\Users\21355\AppData\Local\Programs\MiKTeX\tex/generic/pgf/libraries/decorat
ions\pgflibrarydecorations.pathreplacing.code.tex))
(C:\Users\21355\AppData\Local\Programs\MiKTeX\tex/generic/pgf/frontendlayer/tik
z/libraries\tikzlibrarycalc.code.tex
File: tikzlibrarycalc.code.tex 2025-08-29 v3.1.11a (3.1.11a)
)
(C:\Users\21355\AppData\Local\Programs\MiKTeX\tex/latex/psnfss\pifont.sty
Package: pifont 2020/03/25 PSNFSS-v9.3 Pi font support (SPQR) 
LaTeX Font Info:    Trying to load font information for U+pzd on input line 63.


(C:\Users\21355\AppData\Local\Programs\MiKTeX\tex/latex/psnfss\upzd.fd
File: upzd.fd 2001/06/04 font definitions for U/pzd.
)
LaTeX Font Info:    Trying to load font information for U+psy on input line 64.


(C:\Users\21355\AppData\Local\Programs\MiKTeX\tex/latex/psnfss\upsy.fd
File: upsy.fd 2001/06/04 font definitions for U/psy.
))
(C:\Users\21355\AppData\Local\Programs\MiKTeX\tex/latex/glossaries/base\glossar
ies.sty
Package: glossaries 2025/11/09 v4.9 (NLCT)

(C:\Users\21355\AppData\Local\Programs\MiKTeX\tex/latex/xkeyval\xkeyval.sty
Package: xkeyval 2022/06/16 v2.9 package option processing (HA)

(C:\Users\21355\AppData\Local\Programs\MiKTeX\tex/generic/xkeyval\xkeyval.tex
(C:\Users\21355\AppData\Local\Programs\MiKTeX\tex/generic/xkeyval\xkvutils.tex
\XKV@toks=\toks47
\XKV@tempa@toks=\toks48
)
\XKV@depth=\count509
File: xkeyval.tex 2014/12/03 v2.7a key=value parser (HA)
))
(C:\Users\21355\AppData\Local\Programs\MiKTeX\tex/latex/mfirstuc\mfirstuc.sty
Package: mfirstuc 2025/04/03 v2.09 (NLCT)
\@glsmfirst=\toks49
\@glsmrest=\toks50
)
(C:\Users\21355\AppData\Local\Programs\MiKTeX\tex/latex/xfor\xfor.sty
Package: xfor 2009/02/05 v1.05 (NLCT)
)
(C:\Users\21355\AppData\Local\Programs\MiKTeX\tex/latex/tracklang\tracklang.sty
Package: tracklang 2025/03/11 v1.6.6 (NLCT) Track Languages

(C:\Users\21355\AppData\Local\Programs\MiKTeX\tex/generic/tracklang\tracklang.t
ex)
Package tracklang Info: Tracking dialect `french' (language `french') on input 
line 264.
Package tracklang Info: Tracking dialect `french' (language `french') on input 
line 264.
)
(C:\Users\21355\AppData\Local\Programs\MiKTeX\tex/latex/translator\translator.s
ty
Package: translator 2021-05-31 v1.12d Easy translation of strings in LaTeX
)
(C:\Users\21355\AppData\Local\Programs\MiKTeX\tex/latex/glossaries-french\gloss
aries-french.ldf
File: glossaries-french.ldf 2016/12/12 v1.1
)
(C:\Users\21355\AppData\Local\Programs\MiKTeX\tex/latex/datatool\datatool-base.
sty
Package: datatool-base 2025/12/04 v3.4.3 (NLCT)
\l__datatool_tmpa_int=\count510
\l__datatool_tmpb_int=\count511
\l__datatool_tmpc_int=\count512
\l__datatool_tmpd_int=\count513
\l__datatool_count_int=\count514
\l__datatool_tmp_datatype_int=\count515
\l__datatool_tmpa_dim=\dimen333
\l__datatool_tmpb_dim=\dimen334

(C:\Users\21355\AppData\Local\Programs\MiKTeX\tex/latex/datatool\datatool-l3fp.
def
File: datatool-l3fp.def 2025/12/04 v3.4.3 (NLCT)
)
\@dtl@toks=\toks51
\@dtl@tmpcount=\count516
\dtl@tmplength=\skip99
\l__datatool_measure_box=\box98
\dtl@sortresult=\count517

(C:\Users\21355\AppData\Local\Programs\MiKTeX\tex/latex/datatool\datatool-utf8.
ldf
File: datatool-utf8.ldf 2025/12/04 v3.4.3 (NLCT)
)
\@dtl@datatype=\count518
\c_datatool_unknown_int=\count519
\l__datatool_year_int=\count520
\l__datatool_month_int=\count521
\l__datatool_day_int=\count522
\l__datatool_hour_int=\count523
\l__datatool_minute_int=\count524
\l__datatool_second_int=\count525
\l__datatool_tzhour_int=\count526
\l__datatool_tzminute_int=\count527
\l__datatool_julian_int=\count528
\l__datatool_local_julian_int=\count529
\l__datatool_prefix_int=\count530
\l__datatool_suffix_int=\count531
\@dtl@foreach@level=\count532


Package tracklang Warning: No `datatool' support for dialect `french'  on input
 line 9924.

\dtl@codeA=\count533
\dtl@codeB=\count534
)
\gls@level=\count535
\@gls@tmpb=\toks52
\gls@tmplen=\skip100
\l__glossaries_tmpa_dim=\dimen335
\l__glossaries_tmpb_dim=\dimen336
\glskeylisttok=\toks53
\glslabeltok=\toks54
\glsshorttok=\toks55
\glslongtok=\toks56

(C:\Users\21355\AppData\Local\Programs\MiKTeX\tex/latex/glossaries/styles\gloss
ary-hypernav.sty
Package: glossary-hypernav 2025/11/09 v4.9 (NLCT)
)
(C:\Users\21355\AppData\Local\Programs\MiKTeX\tex/latex/glossaries/styles\gloss
ary-list.sty
Package: glossary-list 2025/11/09 v4.9 (NLCT)
\glslistdottedwidth=\skip101
)
(C:\Users\21355\AppData\Local\Programs\MiKTeX\tex/latex/glossaries/styles\gloss
ary-long.sty
Package: glossary-long 2025/11/09 v4.9 (NLCT)
\glsdescwidth=\skip102
\glspagelistwidth=\skip103
)
(C:\Users\21355\AppData\Local\Programs\MiKTeX\tex/latex/glossaries/styles\gloss
ary-super.sty
Package: glossary-super 2025/11/09 v4.9 (NLCT)

(C:\Users\21355\AppData\Local\Programs\MiKTeX\tex/latex/supertabular\supertabul
ar.sty
Package: supertabular 2025/06/26 v4.2d the supertabular environment
\c@tracingst=\count536
\ST@wd=\dimen337
\ST@rightskip=\skip104
\ST@leftskip=\skip105
\ST@parfillskip=\skip106
\ST@pageleft=\dimen338
\ST@headht=\dimen339
\ST@tailht=\dimen340
\ST@pagesofar=\dimen341
\ST@pboxht=\dimen342
\ST@rowht=\dimen343
\ST@prevht=\dimen344
\ST@toadd=\dimen345
\ST@dimen=\dimen346
\ST@pbox=\box99
))
(C:\Users\21355\AppData\Local\Programs\MiKTeX\tex/latex/glossaries/styles\gloss
ary-tree.sty
Package: glossary-tree 2025/11/09 v4.9 (NLCT)
\l__glossaries_tree_max_known_level_int=\count537
\l__glossaries_tree_offset_dim=\dimen347
\l__glossaries_tree_namewidth_dim=\dimen348
\l__glossaries_tree_symbolwidth_dim=\dimen349
\l__glossaries_tree_prenamesym_width_dim=\dimen350
\l__glossaries_tree_presubnamesym_width_dim=\dimen351
\l__glossaries_tree_namewidth_padding_dim=\dimen352
\l__glossaries_tree_symbolwidth_padding_dim=\dimen353
\l__glossaries_tree_namesymbolwidth_dim=\dimen354
\l__glossaries_tree_namesymbolwidth_padding_dim=\dimen355
\l__glossaries_tree_level_int=\count538
\glstreeindent=\skip107
))
\glswrite=\write5
\glo@main@file=\write6
\openout6 = `main.glo'.

Package glossaries Info: Writing glossary file main.glo on input line 152.
\glo@acronym@file=\write7
\openout7 = `main.acn'.

Package glossaries Info: Writing glossary file main.acn on input line 152.
Package csquotes Info: Checking for multilingual support...
Package csquotes Info: ... found 'babel' package.
Package csquotes Info: Adjusting default style.
Package csquotes Info: Redefining alias 'default' -> 'french'.
LaTeX Font Info:    Trying to load font information for T1+lmr on input line 19
5.

(C:\Users\21355\AppData\Local\Programs\MiKTeX\tex/latex/lm\t1lmr.fd
File: t1lmr.fd 2015/05/01 v1.6.1 Font defs for Latin Modern
) (main.aux
Package babel Info: 'french' activates 'french' shorthands.
(babel)             Reported on input line 19.
)
\openout1 = `main.aux'.

LaTeX Font Info:    Checking defaults for OML/cmm/m/it on input line 195.
LaTeX Font Info:    ... okay on input line 195.
LaTeX Font Info:    Checking defaults for OMS/cmsy/m/n on input line 195.
LaTeX Font Info:    ... okay on input line 195.
LaTeX Font Info:    Checking defaults for OT1/cmr/m/n on input line 195.
LaTeX Font Info:    ... okay on input line 195.
LaTeX Font Info:    Checking defaults for T1/cmr/m/n on input line 195.
LaTeX Font Info:    ... okay on input line 195.
LaTeX Font Info:    Checking defaults for TS1/cmr/m/n on input line 195.
LaTeX Font Info:    ... okay on input line 195.
LaTeX Font Info:    Checking defaults for OMX/cmex/m/n on input line 195.
LaTeX Font Info:    ... okay on input line 195.
LaTeX Font Info:    Checking defaults for U/cmr/m/n on input line 195.
LaTeX Font Info:    ... okay on input line 195.
LaTeX Font Info:    Checking defaults for PD1/pdf/m/n on input line 195.
LaTeX Font Info:    ... okay on input line 195.
LaTeX Font Info:    Checking defaults for PU/pdf/m/n on input line 195.
LaTeX Font Info:    ... okay on input line 195.
LaTeX Info: Redefining \degres on input line 195.
*geometry* driver: auto-detecting
*geometry* detected driver: pdftex
*geometry* verbose mode - [ preamble ] result:
* driver: pdftex
* paper: a4paper
* layout: <same size as paper>
* layoutoffset:(h,v)=(0.0pt,0.0pt)
* modes: 
* h-part:(L,W,R)=(71.13188pt, 455.24411pt, 71.13188pt)
* v-part:(T,H,B)=(71.13188pt, 702.78308pt, 71.13188pt)
* \paperwidth=597.50787pt
* \paperheight=845.04684pt
* \textwidth=455.24411pt
* \textheight=702.78308pt
* \oddsidemargin=-1.1381pt
* \evensidemargin=-1.1381pt
* \topmargin=-21.1381pt
* \headheight=14.0pt
* \headsep=6.0pt
* \topskip=12.0pt
* \footskip=30.0pt
* \marginparwidth=35.0pt
* \marginparsep=10.0pt
* \columnsep=10.0pt
* \skip\footins=10.8pt plus 4.0pt minus 2.0pt
* \hoffset=0.0pt
* \voffset=0.0pt
* \mag=1000
* \@twocolumnfalse
* \@twosidefalse
* \@mparswitchfalse
* \@reversemarginfalse
* (1in=72.27pt=25.4mm, 1cm=28.453pt)


(C:\Users\21355\AppData\Local\Programs\MiKTeX\tex/context/base/mkii\supp-pdf.mk
ii
[Loading MPS to PDF converter (version 2006.09.02).]
\scratchcounter=\count539
\scratchdimen=\dimen356
\scratchbox=\box100
\nofMPsegments=\count540
\nofMParguments=\count541
\everyMPshowfont=\toks57
\MPscratchCnt=\count542
\MPscratchDim=\dimen357
\MPnumerator=\count543
\makeMPintoPDFobject=\count544
\everyMPtoPDFconversion=\toks58
)
(C:\Users\21355\AppData\Local\Programs\MiKTeX\tex/latex/epstopdf-pkg\epstopdf-b
ase.sty
Package: epstopdf-base 2020-01-24 v2.11 Base part for package epstopdf
Package epstopdf-base Info: Redefining graphics rule for `.eps' on input line 4
85.

(C:\Users\21355\AppData\Local\Programs\MiKTeX\tex/latex/00miktex\epstopdf-sys.c
fg
File: epstopdf-sys.cfg 2021/03/18 v2.0 Configuration of epstopdf for MiKTeX
))
Package caption Info: Begin \AtBeginDocument code.
Package caption Info: hyperref package is loaded.
Package caption Info: listings package is loaded.
Package caption Info: longtable package is loaded.

(C:\Users\21355\AppData\Local\Programs\MiKTeX\tex/latex/caption\ltcaption.sty
Package: ltcaption 2021/01/08 v1.4c longtable captions (AR)
)
Package caption Info: supertabular package is loaded.
Package caption Info: End \AtBeginDocument code.
Package hyperref Info: Link coloring ON on input line 195.

(main.out) (main.out)
\@outlinefile=\write8
\openout8 = `main.out'.

Package biblatex Info: Trying to load language 'french' -> 'french-apa'...
Package biblatex Info: ... file 'french-apa.lbx' found.

(C:\Users\21355\AppData\Local\Programs\MiKTeX\tex/latex/biblatex-apa\french-apa
.lbx
File: french-apa.lbx 2025/08/27 v9.20 APA biblatex localisation
Package biblatex Info: Trying to load language 'french'...
Package biblatex Info: ... file 'french.lbx' found.

(C:\Users\21355\AppData\Local\Programs\MiKTeX\tex/latex/biblatex/lbx\french.lbx
File: french.lbx 2025/07/10 v3.21 biblatex localization (PK/MW)
)
Package biblatex Info: Trying to load language 'french'...
Package biblatex Info: ... file 'french.lbx' found.

(C:\Users\21355\AppData\Local\Programs\MiKTeX\tex/latex/biblatex/lbx\french.lbx
File: french.lbx 2025/07/10 v3.21 biblatex localization (PK/MW)
))
Package biblatex Info: Input encoding 'utf8' detected.
Package biblatex Info: Automatic encoding selection.
(biblatex)             Assuming data encoding 'utf8'.
\openout3 = `main.bcf'.

Package biblatex Info: Trying to load bibliographic data...
Package biblatex Info: ... file 'main.bbl' found.
 (main.bbl)
Package biblatex Info: Reference section=0 on input line 195.
Package biblatex Info: Reference segment=0 on input line 195.
\c@lstlisting=\count545
 (chapters/couverture.tex
*geometry* verbose mode - [ newgeometry ] result:
* driver: pdftex
* paper: a4paper
* layout: <same size as paper>
* layoutoffset:(h,v)=(0.0pt,0.0pt)
* modes: 
* h-part:(L,W,R)=(56.9055pt, 483.69687pt, 56.9055pt)
* v-part:(T,H,B)=(42.67912pt, 759.6886pt, 42.67912pt)
* \paperwidth=597.50787pt
* \paperheight=845.04684pt
* \textwidth=483.69687pt
* \textheight=759.6886pt
* \oddsidemargin=-15.36449pt
* \evensidemargin=-15.36449pt
* \topmargin=-49.59087pt
* \headheight=14.0pt
* \headsep=6.0pt
* \topskip=12.0pt
* \footskip=30.0pt
* \marginparwidth=35.0pt
* \marginparsep=10.0pt
* \columnsep=10.0pt
* \skip\footins=10.8pt plus 4.0pt minus 2.0pt
* \hoffset=0.0pt
* \voffset=0.0pt
* \mag=1000
* \@twocolumnfalse
* \@twosidefalse
* \@mparswitchfalse
* \@reversemarginfalse
* (1in=72.27pt=25.4mm, 1cm=28.453pt)

<figures/esi_logo.png, id=598, 1402.48969pt x 499.8675pt>
File: figures/esi_logo.png Graphic file (type png)
<use figures/esi_logo.png>
Package pdftex.def Info: figures/esi_logo.png  used on input line 7.
(pdftex.def)             Requested size: 597.50787pt x 212.96335pt.

Overfull \hbox (59.51657pt too wide) in paragraph at lines 5--8
 |  [] 
 []

[1

\openout5 = `main.ist'.


{C:/Users/21355/AppData/Local/MiKTeX/fonts/map/pdftex/pdftex.map}{C:/Users/2135
5/AppData/Local/Programs/MiKTeX/fonts/enc/dvips/lm/lm-ec.enc} <./figures/esi_lo
go.png>]) (chapters/dedicace.tex) [1



] (chapters/remerciements.tex) [2


]
(chapters/abstract.tex
Package babel Info: 'french' activates 'french' shorthands.
(babel)             Reported on input line 20.
 [3


] [4

]) (main.toc
LaTeX Font Info:    Trying to load font information for OT1+lmr on input line 1
1.

(C:\Users\21355\AppData\Local\Programs\MiKTeX\tex/latex/lm\ot1lmr.fd
File: ot1lmr.fd 2015/05/01 v1.6.1 Font defs for Latin Modern
)
LaTeX Font Info:    Trying to load font information for OML+lmm on input line 1
1.

(C:\Users\21355\AppData\Local\Programs\MiKTeX\tex/latex/lm\omllmm.fd
File: omllmm.fd 2015/05/01 v1.6.1 Font defs for Latin Modern
)
LaTeX Font Info:    Trying to load font information for OMS+lmsy on input line 
11.

(C:\Users\21355\AppData\Local\Programs\MiKTeX\tex/latex/lm\omslmsy.fd
File: omslmsy.fd 2015/05/01 v1.6.1 Font defs for Latin Modern
)
LaTeX Font Info:    Trying to load font information for OMX+lmex on input line 
11.

(C:\Users\21355\AppData\Local\Programs\MiKTeX\tex/latex/lm\omxlmex.fd
File: omxlmex.fd 2015/05/01 v1.6.1 Font defs for Latin Modern
)
LaTeX Font Info:    External font `lmex10' loaded for size
(Font)              <12> on input line 11.
LaTeX Font Info:    External font `lmex10' loaded for size
(Font)              <8> on input line 11.
LaTeX Font Info:    External font `lmex10' loaded for size
(Font)              <6> on input line 11.
LaTeX Font Info:    Trying to load font information for U+msa on input line 11.


(C:\Users\21355\AppData\Local\Programs\MiKTeX\tex/latex/amsfonts\umsa.fd
File: umsa.fd 2013/01/14 v3.01 AMS symbols A
)
LaTeX Font Info:    Trying to load font information for U+msb on input line 11.


(C:\Users\21355\AppData\Local\Programs\MiKTeX\tex/latex/amsfonts\umsb.fd
File: umsb.fd 2013/01/14 v3.01 AMS symbols B
)

Package fancyhdr Warning: \headheight is too small (14.0pt): 
(fancyhdr)                Make it at least 14.1595pt, for example:
(fancyhdr)                \setlength{\headheight}{14.1595pt}.
(fancyhdr)                You might also make \topmargin smaller:
(fancyhdr)                \addtolength{\topmargin}{-0.1595pt}.

[5

]

Package fancyhdr Warning: \headheight is too small (14.0pt): 
(fancyhdr)                Make it at least 14.1595pt, for example:
(fancyhdr)                \setlength{\headheight}{14.1595pt}.
(fancyhdr)                You might also make \topmargin smaller:
(fancyhdr)                \addtolength{\topmargin}{-0.1595pt}.

[6]

Package fancyhdr Warning: \headheight is too small (14.0pt): 
(fancyhdr)                Make it at least 14.1595pt, for example:
(fancyhdr)                \setlength{\headheight}{14.1595pt}.
(fancyhdr)                You might also make \topmargin smaller:
(fancyhdr)                \addtolength{\topmargin}{-0.1595pt}.

[7]

Package fancyhdr Warning: \headheight is too small (14.0pt): 
(fancyhdr)                Make it at least 14.1595pt, for example:
(fancyhdr)                \setlength{\headheight}{14.1595pt}.
(fancyhdr)                You might also make \topmargin smaller:
(fancyhdr)                \addtolength{\topmargin}{-0.1595pt}.

[8])
\tf@toc=\write9
\openout9 = `main.toc'.



Package fancyhdr Warning: \headheight is too small (14.0pt): 
(fancyhdr)                Make it at least 14.1595pt, for example:
(fancyhdr)                \setlength{\headheight}{14.1595pt}.
(fancyhdr)                You might also make \topmargin smaller:
(fancyhdr)                \addtolength{\topmargin}{-0.1595pt}.

[9] (chapters/abbreviations.tex
ignored: Infinite glue shrinkage found in box being split


Package fancyhdr Warning: \headheight is too small (14.0pt): 
(fancyhdr)                Make it at least 14.1595pt, for example:
(fancyhdr)                \setlength{\headheight}{14.1595pt}.
(fancyhdr)                You might also make \topmargin smaller:
(fancyhdr)                \addtolength{\topmargin}{-0.1595pt}.

[10


])

Package fancyhdr Warning: \headheight is too small (14.0pt): 
(fancyhdr)                Make it at least 14.1595pt, for example:
(fancyhdr)                \setlength{\headheight}{14.1595pt}.
(fancyhdr)                You might also make \topmargin smaller:
(fancyhdr)                \addtolength{\topmargin}{-0.1595pt}.

[11] (main.lof
LaTeX Font Info:    Trying to load font information for T1+lmtt on input line 6
.

(C:\Users\21355\AppData\Local\Programs\MiKTeX\tex/latex/lm\t1lmtt.fd
File: t1lmtt.fd 2015/05/01 v1.6.1 Font defs for Latin Modern
)
Overfull \hbox (12.81546pt too wide) in paragraph at lines 8--8
 [][] [][][]\T1/lmr/m/n/12 Architecture de ré-fé-rence du pro-to-cole [][][]DDo
S Open Threat Si-gna-ling (DOTS)[][] : 
 []

[12


])
\tf@lof=\write10
\openout10 = `main.lof'.

 [13{C:/Users/21355/AppData/Local/Programs/MiKTeX/fonts/enc/dvips/lm/lm-mathit.
enc}{C:/Users/21355/AppData/Local/Programs/MiKTeX/fonts/enc/dvips/lm/lm-rm.enc}
] (main.lot)
\tf@lot=\write11
\openout11 = `main.lot'.

 [14


] (chapters/introduction.tex
Overfull \hbox (14.1751pt too wide) in paragraph at lines 11--12
\T1/lmr/m/n/12 prin-ci-pales me-naces af-fec-tant la dis-po-ni-bi-lité des ser-
vices nu-mé-riques. Ces at-taques consistent
 []

[1


] [2] [3]) (chapters/chapter1.tex [4]
Chapitre 1.

Overfull \hbox (1.17001pt too wide) in paragraph at lines 16--16
[]\T1/lmr/bx/n/17.28 Les at-taques par déni de ser-vice dis-tri-bué (DDoS) 
 []

[5

]
Overfull \hbox (0.39308pt too wide) in paragraph at lines 64--65
[]\T1/lmr/m/n/12 La lit-té-ra-ture pro-pose plu-sieurs taxo-no-mies des at-taqu
es [][][]DDoS[][] ([][]\T1/lmr/m/sc/12 Mirkovic []\T1/lmr/m/n/12 & []\T1/lmr/m/
sc/12 Reiher[]\T1/lmr/m/n/12 ,
 []

[6{C:/Users/21355/AppData/Local/Programs/MiKTeX/fonts/enc/dvips/lm/lm-mathsy.en
c}]
Underfull \hbox (badness 10000) in paragraph at lines 111--111
[]|\T1/lmr/m/n/10.95 Épuiser les tables
 []


Underfull \hbox (badness 10000) in paragraph at lines 111--111
[]|\T1/lmr/m/n/10.95 Épuiser les res-
 []


Underfull \hbox (badness 5817) in paragraph at lines 111--111
[]|\T1/lmr/m/n/10.95 Très élevé (Gbps--
 []


Underfull \hbox (badness 4181) in paragraph at lines 111--111
[]|\T1/lmr/m/n/10.95 Élevée (tra-fic lé-gi-
 []


Underfull \hbox (badness 10000) in paragraph at lines 111--111
[]|\T1/lmr/m/n/10.95 Analyse com-por-te-
 []

[7]
Overfull \hbox (12.92776pt too wide) in paragraph at lines 130--131
[]\T1/lmr/bx/n/12 Détection : \T1/lmr/m/n/12 une ano-ma-lie dans le tra-fic dé-
clenche une alerte (ana-lyse Net-Flow/sFlow,
 []


Overfull \hbox (2.26088pt too wide) in paragraph at lines 167--168
 [][] 
 []

[8] [9]
Overfull \hbox (2.04494pt too wide) in paragraph at lines 237--237
[]\T1/lmr/bx/n/14.4 Le \T1/lmr/bx/it/14.4 black-ho-ling \T1/lmr/bx/n/14.4 et le
 RTBH (\T1/lmr/bx/it/14.4 Re-mote Trig-ge-red Black Hole\T1/lmr/bx/n/14.4 ) 
 []


Overfull \hbox (22.75801pt too wide) in paragraph at lines 241--242
[]\T1/lmr/m/n/12 Le mé-ca-nisme \T1/lmr/bx/n/12 RTBH \T1/lmr/m/n/12 (\T1/lmr/m/
it/12 Re-mote Trig-ge-red Black Hole\T1/lmr/m/n/12 , RFC 5635 ([][]\T1/lmr/m/sc
/12 Kumari []\T1/lmr/m/n/12 & []\T1/lmr/m/sc/12 McPherson[]\T1/lmr/m/n/12 ,
 []

[10]
Overfull \hbox (4.05353pt too wide) in paragraph at lines 302--303
\T1/lmr/m/n/12 sure : les four-nis-seurs cloud dis-posent de ca-pa-ci-tés de tr
ai-te-ment pou-vant dé-pas-ser 100 Tbps
 []


Overfull \hbox (3.00903pt too wide) in paragraph at lines 326--326
[]|\T1/lmr/bx/n/10.95 Capacité| 
 []


Underfull \hbox (badness 10000) in paragraph at lines 326--326
\T1/lmr/bx/n/10.95 pro-té-
 []


Overfull \hbox (11.87144pt too wide) in paragraph at lines 326--326
[]|\T1/lmr/bx/n/10.95 Activation| 
 []


Underfull \hbox (badness 10000) in paragraph at lines 326--326
\T1/lmr/m/n/10.95 (ré-seau
 []


Underfull \hbox (badness 10000) in paragraph at lines 326--326
[]|\T1/lmr/m/n/10.95 Always-
 []


Underfull \hbox (badness 10000) in paragraph at lines 326--326
[]|\T1/lmr/m/n/10.95 Élastique
 []


Underfull \hbox (badness 10000) in paragraph at lines 326--326
\T1/lmr/m/n/10.95 (in-fra
 []


Underfull \hbox (badness 1478) in paragraph at lines 326--326
\T1/lmr/m/n/10.95 L7 (avec
 []


Underfull \hbox (badness 10000) in paragraph at lines 326--326
[]|\T1/lmr/m/n/10.95 Always-
 []


Underfull \hbox (badness 10000) in paragraph at lines 326--326
[]|\T1/lmr/m/n/10.95 Élastique
 []


Underfull \hbox (badness 10000) in paragraph at lines 326--326
\T1/lmr/m/n/10.95 (in-fra
 []


Underfull \hbox (badness 10000) in paragraph at lines 326--326
[]|\T1/lmr/m/n/10.95 Always-
 []


Underfull \hbox (badness 10000) in paragraph at lines 326--326
[]|\T1/lmr/m/n/10.95 Élastique
 []


Underfull \hbox (badness 10000) in paragraph at lines 326--326
\T1/lmr/m/n/10.95 (in-fra
 []


Underfull \hbox (badness 10000) in paragraph at lines 326--326
[]|\T1/lmr/m/n/10.95 L7
 []


Overfull \hbox (37.94934pt too wide) in paragraph at lines 326--326
\T1/lmr/m/n/10.95 (HTTP/HTTPS)| 
 []


Underfull \hbox (badness 10000) in paragraph at lines 326--326
[]|\T1/lmr/m/n/10.95 Always-
 []


Underfull \hbox (badness 10000) in paragraph at lines 326--326
[]|\T1/lmr/m/n/10.95 20+
 []


Underfull \hbox (badness 10000) in paragraph at lines 326--326
\T1/lmr/m/n/10.95 Tbps
 []


Underfull \hbox (badness 10000) in paragraph at lines 326--326
\T1/lmr/m/n/10.95 (scrub-
 []


Underfull \hbox (badness 10000) in paragraph at lines 326--326
\T1/lmr/m/n/10.95 bing
 []


Underfull \hbox (badness 10000) in paragraph at lines 326--326
[]|\T1/lmr/m/n/10.95 On-
 []


Underfull \hbox (badness 10000) in paragraph at lines 326--326
\T1/lmr/m/n/10.95 demand
 []


Underfull \hbox (badness 10000) in paragraph at lines 326--326
\T1/lmr/m/n/10.95 (BGP
 []

[11] [12]
Underfull \hbox (badness 10000) in paragraph at lines 361--361
[]|\T1/lmr/bx/n/10.95 Avantage
 []


Underfull \hbox (badness 10000) in paragraph at lines 361--361
[]|\T1/lmr/m/n/10.95 Filtrage fin
 []


Underfull \hbox (badness 10000) in paragraph at lines 361--361
[]|\T1/lmr/m/n/10.95 Coût, la-tence
 []


Underfull \hbox (badness 10000) in paragraph at lines 361--361
[]|\T1/lmr/m/n/10.95 Distribution
 []


Underfull \hbox (badness 10000) in paragraph at lines 361--361
[]|\T1/lmr/m/n/10.95 Proximité,
 []


Underfull \hbox (badness 10000) in paragraph at lines 361--361
[]|\T1/lmr/m/n/10.95 Supprime le
 []


Underfull \hbox (badness 6641) in paragraph at lines 361--361
[]|\T1/lmr/m/n/10.95 Capacité mas-
 []


Underfull \hbox (badness 10000) in paragraph at lines 361--361
\T1/lmr/m/n/10.95 sive, as-a-
 []


Underfull \hbox (badness 10000) in paragraph at lines 361--361
[]|\T1/lmr/m/n/10.95 Dépendance,
 []


Underfull \hbox (badness 2073) in paragraph at lines 361--361
\T1/lmr/m/n/10.95 coût, confi-den-
 []


Overfull \hbox (6.74393pt too wide) in paragraph at lines 369--370
[]\T1/lmr/m/n/12 Cette ap-proche pré-sente plu-sieurs li-mites fon-da-men-tales
 ([][]\T1/lmr/m/sc/12 Douligeris []\T1/lmr/m/n/12 & []\T1/lmr/m/sc/12 Mitrokots
a[]\T1/lmr/m/n/12 ,
 []

[13]
Overfull \hbox (15.0372pt too wide) in paragraph at lines 373--373
[]\T1/lmr/bx/n/17.28 Architecture pair-à-pair pour la co-or-di-na-tion inter-
 []

[14] [15]) (chapters/chapter2.tex [16]
Chapitre 2.
<figures/do.png, id=1204, 513.92pt x 538.01pt>
File: figures/do.png Graphic file (type png)
<use figures/do.png>
Package pdftex.def Info: figures/do.png  used on input line 30.
(pdftex.def)             Requested size: 195.68372pt x 204.85846pt.

Package fancyhdr Warning: \headheight is too small (14.0pt): 
(fancyhdr)                Make it at least 14.1595pt, for example:
(fancyhdr)                \setlength{\headheight}{14.1595pt}.
(fancyhdr)                You might also make \topmargin smaller:
(fancyhdr)                \addtolength{\topmargin}{-0.1595pt}.

[17

]
Overfull \hbox (17.33029pt too wide) in paragraph at lines 58--59
\T1/lmr/m/n/12 cluant les cri-tères de cor-res-pon-dance (5-tuple : IP source/d
estination, port source/destination,
 []


Package fancyhdr Warning: \headheight is too small (14.0pt): 
(fancyhdr)                Make it at least 14.1595pt, for example:
(fancyhdr)                \setlength{\headheight}{14.1595pt}.
(fancyhdr)                You might also make \topmargin smaller:
(fancyhdr)                \addtolength{\topmargin}{-0.1595pt}.

[18 <./figures/do.png>]

Package fancyhdr Warning: \headheight is too small (14.0pt): 
(fancyhdr)                Make it at least 14.1595pt, for example:
(fancyhdr)                \setlength{\headheight}{14.1595pt}.
(fancyhdr)                You might also make \topmargin smaller:
(fancyhdr)                \addtolength{\topmargin}{-0.1595pt}.

[19]
Overfull \hbox (5.68692pt too wide) in paragraph at lines 94--95
\T1/lmr/m/n/12 par-ti-ci-pant, ce mo-dule se connecte aux ou-tils de dé-tec-tio
n exis-tants (Net-Flow/IPFIX
 []


Overfull \hbox (20.79387pt too wide) in paragraph at lines 98--99
\T1/lmr/m/n/12 de fil-trage opé-ra-tion-nelles adap-tées à l'in-fra-struc-ture 
lo-cale : règles \T1/lmtt/m/n/12 iptables\T1/lmr/m/n/12 /\T1/lmtt/m/n/12 nftabl
es
 []

<figures/clearing_house.png, id=1259, 1167.36125pt x 479.7925pt>
File: figures/clearing_house.png Graphic file (type png)
<use figures/clearing_house.png>
Package pdftex.def Info: figures/clearing_house.png  used on input line 104.
(pdftex.def)             Requested size: 455.24411pt x 187.10367pt.

Package fancyhdr Warning: \headheight is too small (14.0pt): 
(fancyhdr)                Make it at least 14.1595pt, for example:
(fancyhdr)                \setlength{\headheight}{14.1595pt}.
(fancyhdr)                You might also make \topmargin smaller:
(fancyhdr)                \addtolength{\topmargin}{-0.1595pt}.

[20]

Package fancyhdr Warning: \headheight is too small (14.0pt): 
(fancyhdr)                Make it at least 14.1595pt, for example:
(fancyhdr)                \setlength{\headheight}{14.1595pt}.
(fancyhdr)                You might also make \topmargin smaller:
(fancyhdr)                \addtolength{\topmargin}{-0.1595pt}.

[21 <./figures/clearing_house.png>]
<figures/nawas.png, id=1280, 1309.89375pt x 498.36188pt>
File: figures/nawas.png Graphic file (type png)
<use figures/nawas.png>
Package pdftex.def Info: figures/nawas.png  used on input line 147.
(pdftex.def)             Requested size: 386.96027pt x 147.2208pt.


Package fancyhdr Warning: \headheight is too small (14.0pt): 
(fancyhdr)                Make it at least 14.1595pt, for example:
(fancyhdr)                \setlength{\headheight}{14.1595pt}.
(fancyhdr)                You might also make \topmargin smaller:
(fancyhdr)                \addtolength{\topmargin}{-0.1595pt}.

[22]
Overfull \hbox (3.6977pt too wide) in paragraph at lines 162--163
\T1/lmr/m/n/12 moyen des at-taques ci-blant les membres. En cas d'at-taque vo-l
u-mé-trique mas-sive ($\OML/lmm/m/it/12 >$ \T1/lmr/m/n/12 1 Tbps)
 []


Overfull \hbox (4.91498pt too wide) in paragraph at lines 165--165
[]\T1/lmr/bx/n/17.28 DefCOM --- \T1/lmr/bx/it/17.28 Dis-tri-bu-ted Co-ope-ra-ti
ve Over-lay De-
 []


Package fancyhdr Warning: \headheight is too small (14.0pt): 
(fancyhdr)                Make it at least 14.1595pt, for example:
(fancyhdr)                \setlength{\headheight}{14.1595pt}.
(fancyhdr)                You might also make \topmargin smaller:
(fancyhdr)                \addtolength{\topmargin}{-0.1595pt}.

[23 <./figures/nawas.png>]

Package fancyhdr Warning: \headheight is too small (14.0pt): 
(fancyhdr)                Make it at least 14.1595pt, for example:
(fancyhdr)                \setlength{\headheight}{14.1595pt}.
(fancyhdr)                You might also make \topmargin smaller:
(fancyhdr)                \addtolength{\topmargin}{-0.1595pt}.

[24]
<figures/defcom.png, id=1314, 612.03656pt x 576.65437pt>
File: figures/defcom.png Graphic file (type png)
<use figures/defcom.png>
Package pdftex.def Info: figures/defcom.png  used on input line 205.
(pdftex.def)             Requested size: 250.38564pt x 235.91068pt.


Package fancyhdr Warning: \headheight is too small (14.0pt): 
(fancyhdr)                Make it at least 14.1595pt, for example:
(fancyhdr)                \setlength{\headheight}{14.1595pt}.
(fancyhdr)                You might also make \topmargin smaller:
(fancyhdr)                \addtolength{\topmargin}{-0.1595pt}.

[25 <./figures/defcom.png>]

Package fancyhdr Warning: \headheight is too small (14.0pt): 
(fancyhdr)                Make it at least 14.1595pt, for example:
(fancyhdr)                \setlength{\headheight}{14.1595pt}.
(fancyhdr)                You might also make \topmargin smaller:
(fancyhdr)                \addtolength{\topmargin}{-0.1595pt}.

[26]

Package fancyhdr Warning: \headheight is too small (14.0pt): 
(fancyhdr)                Make it at least 14.1595pt, for example:
(fancyhdr)                \setlength{\headheight}{14.1595pt}.
(fancyhdr)                You might also make \topmargin smaller:
(fancyhdr)                \addtolength{\topmargin}{-0.1595pt}.

[27{C:/Users/21355/AppData/Local/Programs/MiKTeX/fonts/enc/dvips/lm/lm-mathex.e
nc}]

Package fancyhdr Warning: \headheight is too small (14.0pt): 
(fancyhdr)                Make it at least 14.1595pt, for example:
(fancyhdr)                \setlength{\headheight}{14.1595pt}.
(fancyhdr)                You might also make \topmargin smaller:
(fancyhdr)                \addtolength{\topmargin}{-0.1595pt}.

[28]) (chapters/chapter3.tex

Package fancyhdr Warning: \headheight is too small (14.0pt): 
(fancyhdr)                Make it at least 14.1595pt, for example:
(fancyhdr)                \setlength{\headheight}{14.1595pt}.
(fancyhdr)                You might also make \topmargin smaller:
(fancyhdr)                \addtolength{\topmargin}{-0.1595pt}.

[29]
Chapitre 3.

Package fancyhdr Warning: \headheight is too small (14.0pt): 
(fancyhdr)                Make it at least 14.1595pt, for example:
(fancyhdr)                \setlength{\headheight}{14.1595pt}.
(fancyhdr)                You might also make \topmargin smaller:
(fancyhdr)                \addtolength{\topmargin}{-0.1595pt}.

[30

]

Package fancyhdr Warning: \headheight is too small (14.0pt): 
(fancyhdr)                Make it at least 14.1595pt, for example:
(fancyhdr)                \setlength{\headheight}{14.1595pt}.
(fancyhdr)                You might also make \topmargin smaller:
(fancyhdr)                \addtolength{\topmargin}{-0.1595pt}.

[31]

pdfTeX warning: pdflatex.exe (file ./figures/archi_redirection.pdf): PDF inclus
ion: found PDF version <1.7>, but at most version <1.5> allowed
<figures/archi_redirection.pdf, id=1393, 1541.76pt x 1027.84pt>
File: figures/archi_redirection.pdf Graphic file (type pdf)
<use figures/archi_redirection.pdf>
Package pdftex.def Info: figures/archi_redirection.pdf  used on input line 86.
(pdftex.def)             Requested size: 455.24411pt x 303.49248pt.

Package fancyhdr Warning: \headheight is too small (14.0pt): 
(fancyhdr)                Make it at least 14.1595pt, for example:
(fancyhdr)                \setlength{\headheight}{14.1595pt}.
(fancyhdr)                You might also make \topmargin smaller:
(fancyhdr)                \addtolength{\topmargin}{-0.1595pt}.

[32 <./figures/archi_redirection.pdf>]
Overfull \hbox (32.67159pt too wide) in paragraph at lines 102--103
[]\T1/lmr/m/n/12 Le n÷ud vic-time ini-tie la sé-quence en \T1/lmr/bx/n/12 en-vo
yant une re-quête d'aide \T1/lmr/m/n/12 (POST /help/request),
 []



pdfTeX warning: pdflatex.exe (file ./figures/uc_mitigation_collaborative.pdf): 
PDF inclusion: found PDF version <1.7>, but at most version <1.5> allowed
<figures/uc_mitigation_collaborative.pdf, id=1624, 807.015pt x 774.49359pt>
File: figures/uc_mitigation_collaborative.pdf Graphic file (type pdf)
<use figures/uc_mitigation_collaborative.pdf>
Package pdftex.def Info: figures/uc_mitigation_collaborative.pdf  used on input
 line 106.
(pdftex.def)             Requested size: 455.24411pt x 436.90427pt.

Package fancyhdr Warning: \headheight is too small (14.0pt): 
(fancyhdr)                Make it at least 14.1595pt, for example:
(fancyhdr)                \setlength{\headheight}{14.1595pt}.
(fancyhdr)                You might also make \topmargin smaller:
(fancyhdr)                \addtolength{\topmargin}{-0.1595pt}.

[33 <./figures/uc_mitigation_collaborative.pdf>]

pdfTeX warning: pdflatex.exe (file ./figures/uc_moteur_confiance.pdf): PDF incl
usion: found PDF version <1.7>, but at most version <1.5> allowed
<figures/uc_moteur_confiance.pdf, id=1918, 801.09297pt x 824.2797pt>
File: figures/uc_moteur_confiance.pdf Graphic file (type pdf)
<use figures/uc_moteur_confiance.pdf>
Package pdftex.def Info: figures/uc_moteur_confiance.pdf  used on input line 12
1.
(pdftex.def)             Requested size: 455.24411pt x 468.43562pt.

Package fancyhdr Warning: \headheight is too small (14.0pt): 
(fancyhdr)                Make it at least 14.1595pt, for example:
(fancyhdr)                \setlength{\headheight}{14.1595pt}.
(fancyhdr)                You might also make \topmargin smaller:
(fancyhdr)                \addtolength{\topmargin}{-0.1595pt}.

[34]

Package fancyhdr Warning: \headheight is too small (14.0pt): 
(fancyhdr)                Make it at least 14.1595pt, for example:
(fancyhdr)                \setlength{\headheight}{14.1595pt}.
(fancyhdr)                You might also make \topmargin smaller:
(fancyhdr)                \addtolength{\topmargin}{-0.1595pt}.

[35 <./figures/uc_moteur_confiance.pdf>]
Overfull \hbox (16.19685pt too wide) in paragraph at lines 138--139
[]\T1/lmr/m/n/12 Le groupe \T1/lmr/bx/n/12 Sé-cu-rité \T1/lmr/m/n/12 couvre l'\
T1/lmr/bx/n/12 obtention d'un to-ken JWT RS256 \T1/lmr/m/n/12 (POST /auth/token
),
 []



pdfTeX warning: pdflatex.exe (file ./figures/uc_role_pair.pdf): PDF inclusion: 
found PDF version <1.7>, but at most version <1.5> allowed
<figures/uc_role_pair.pdf, id=2245, 761.8471pt x 1000.9397pt>
File: figures/uc_role_pair.pdf Graphic file (type pdf)
<use figures/uc_role_pair.pdf>
Package pdftex.def Info: figures/uc_role_pair.pdf  used on input line 142.
(pdftex.def)             Requested size: 455.24411pt x 598.10948pt.

Package fancyhdr Warning: \headheight is too small (14.0pt): 
(fancyhdr)                Make it at least 14.1595pt, for example:
(fancyhdr)                \setlength{\headheight}{14.1595pt}.
(fancyhdr)                You might also make \topmargin smaller:
(fancyhdr)                \addtolength{\topmargin}{-0.1595pt}.

[36]
Underfull \hbox (badness 10000) in paragraph at lines 176--176
[]|\T1/lmr/m/n/10.95 Authentification au-près
 []


Underfull \hbox (badness 1533) in paragraph at lines 176--176
\T1/lmr/m/n/10.95 vée RS256 ; to-ken va-lable
 []


Underfull \hbox (badness 5147) in paragraph at lines 176--176
[]|\T1/lmr/m/n/10.95 Signal pé-rio-dique (30 s)
 []


Underfull \hbox (badness 10000) in paragraph at lines 176--176
[]|\T1/lmr/m/n/10.95 Sélection WSM des
 []


Underfull \hbox (badness 2753) in paragraph at lines 176--176
\T1/lmr/m/n/10.95 pairs et en-voi de POST
 []


Underfull \hbox (badness 10000) in paragraph at lines 176--176
[]|\T1/lmr/m/n/10.95 Réponse à une re-quête
 []


Underfull \hbox (badness 8151) in paragraph at lines 176--176
\T1/lmr/m/n/10.95 d'aide se-lon la ca-pa-cité
 []


Package fancyhdr Warning: \headheight is too small (14.0pt): 
(fancyhdr)                Make it at least 14.1595pt, for example:
(fancyhdr)                \setlength{\headheight}{14.1595pt}.
(fancyhdr)                You might also make \topmargin smaller:
(fancyhdr)                \addtolength{\topmargin}{-0.1595pt}.

[37 <./figures/uc_role_pair.pdf>]
Underfull \hbox (badness 10000) in paragraph at lines 191--191
[]|\T1/lmr/bx/n/12 Acteurs pri-
 []


Underfull \hbox (badness 10000) in paragraph at lines 193--193
[]|\T1/lmr/bx/n/12 Acteurs se-con-
 []


Underfull \hbox (badness 10000) in paragraph at lines 197--197
[]|\T1/lmr/bx/n/12 Enchaînement
 []


Underfull \hbox (badness 1038) in paragraph at lines 198--204
\T1/lmr/bx/n/12 3. \T1/lmr/m/n/12 Le sys-tème gé-nère un JWT si-gné conte-nant 
{iss,
 []


Underfull \hbox (badness 10000) in paragraph at lines 207--207
[]|\T1/lmr/bx/n/12 Enchaînements
 []


Package fancyhdr Warning: \headheight is too small (14.0pt): 
(fancyhdr)                Make it at least 14.1595pt, for example:
(fancyhdr)                \setlength{\headheight}{14.1595pt}.
(fancyhdr)                You might also make \topmargin smaller:
(fancyhdr)                \addtolength{\topmargin}{-0.1595pt}.

[38]
Underfull \hbox (badness 10000) in paragraph at lines 229--229
[]|\T1/lmr/bx/n/12 Acteurs pri-
 []


Underfull \hbox (badness 10000) in paragraph at lines 231--231
[]|\T1/lmr/bx/n/12 Acteurs se-con-
 []


Underfull \hbox (badness 10000) in paragraph at lines 235--235
[]|\T1/lmr/bx/n/12 Enchaînement
 []


Underfull \hbox (badness 10000) in paragraph at lines 243--243
[]|\T1/lmr/bx/n/12 Enchaînements
 []


Package fancyhdr Warning: \headheight is too small (14.0pt): 
(fancyhdr)                Make it at least 14.1595pt, for example:
(fancyhdr)                \setlength{\headheight}{14.1595pt}.
(fancyhdr)                You might also make \topmargin smaller:
(fancyhdr)                \addtolength{\topmargin}{-0.1595pt}.

[39]
Underfull \hbox (badness 10000) in paragraph at lines 264--264
[]|\T1/lmr/bx/n/12 Acteurs pri-
 []


Underfull \hbox (badness 10000) in paragraph at lines 266--266
[]|\T1/lmr/bx/n/12 Acteurs se-con-
 []


Underfull \hbox (badness 10000) in paragraph at lines 270--270
[]|\T1/lmr/bx/n/12 Enchaînement
 []


Underfull \hbox (badness 10000) in paragraph at lines 282--282
[]|\T1/lmr/bx/n/12 Enchaînements
 []


Package fancyhdr Warning: \headheight is too small (14.0pt): 
(fancyhdr)                Make it at least 14.1595pt, for example:
(fancyhdr)                \setlength{\headheight}{14.1595pt}.
(fancyhdr)                You might also make \topmargin smaller:
(fancyhdr)                \addtolength{\topmargin}{-0.1595pt}.

[40]
Underfull \hbox (badness 10000) in paragraph at lines 303--303
[]|\T1/lmr/bx/n/12 Acteurs pri-
 []


Underfull \hbox (badness 10000) in paragraph at lines 305--305
[]|\T1/lmr/bx/n/12 Acteurs se-con-
 []


Underfull \hbox (badness 10000) in paragraph at lines 309--309
[]|\T1/lmr/bx/n/12 Enchaînement
 []


Underfull \hbox (badness 2027) in paragraph at lines 310--318
[]|\T1/lmr/m/n/12 Ce CU dé-marre dès ré-cep-tion d'une re-quête POST
 []


Underfull \hbox (badness 3861) in paragraph at lines 310--318
\T1/lmr/bx/n/12 1. \T1/lmr/m/n/12 Le pair consulte sa ca-pa-cité dis-po-nible (
re-por-
 []


Underfull \hbox (badness 10000) in paragraph at lines 310--318
\T1/lmr/m/n/12 ted_available_gbps) et sa charge ac-tuelle (re-por-
 []


Underfull \hbox (badness 1888) in paragraph at lines 310--318
\T1/lmr/bx/n/12 * \T1/lmr/m/n/12 Le pair en-voie PUT /api/v1/help/{id}/accept ;
 la
 []


Underfull \hbox (badness 10000) in paragraph at lines 321--321
[]|\T1/lmr/bx/n/12 Enchaînements
 []


Package fancyhdr Warning: \headheight is too small (14.0pt): 
(fancyhdr)                Make it at least 14.1595pt, for example:
(fancyhdr)                \setlength{\headheight}{14.1595pt}.
(fancyhdr)                You might also make \topmargin smaller:
(fancyhdr)                \addtolength{\topmargin}{-0.1595pt}.

[41]
Underfull \hbox (badness 10000) in paragraph at lines 342--342
[]|\T1/lmr/bx/n/12 Acteurs pri-
 []


Underfull \hbox (badness 10000) in paragraph at lines 344--344
[]|\T1/lmr/bx/n/12 Acteurs se-con-
 []


Underfull \hbox (badness 10000) in paragraph at lines 348--348
[]|\T1/lmr/bx/n/12 Enchaînement
 []


Underfull \hbox (badness 1490) in paragraph at lines 349--355
\T1/lmr/bx/n/12 2. \T1/lmr/m/n/12 Le sys-tème cal-cule le ra-tio de sa-tis-fac-
tion $\OML/lmm/m/it/12 S \OT1/lmr/m/n/12 =
 []


Underfull \hbox (badness 10000) in paragraph at lines 358--358
[]|\T1/lmr/bx/n/12 Enchaînements
 []


Package fancyhdr Warning: \headheight is too small (14.0pt): 
(fancyhdr)                Make it at least 14.1595pt, for example:
(fancyhdr)                \setlength{\headheight}{14.1595pt}.
(fancyhdr)                You might also make \topmargin smaller:
(fancyhdr)                \addtolength{\topmargin}{-0.1595pt}.

[42]
Underfull \hbox (badness 10000) in paragraph at lines 379--379
[]|\T1/lmr/bx/n/12 Acteurs pri-
 []


Underfull \hbox (badness 10000) in paragraph at lines 381--381
[]|\T1/lmr/bx/n/12 Acteurs se-con-
 []


Underfull \hbox (badness 10000) in paragraph at lines 385--385
[]|\T1/lmr/bx/n/12 Enchaînement
 []


Underfull \hbox (badness 10000) in paragraph at lines 401--401
[]|\T1/lmr/bx/n/12 Enchaînements
 []


Package fancyhdr Warning: \headheight is too small (14.0pt): 
(fancyhdr)                Make it at least 14.1595pt, for example:
(fancyhdr)                \setlength{\headheight}{14.1595pt}.
(fancyhdr)                You might also make \topmargin smaller:
(fancyhdr)                \addtolength{\topmargin}{-0.1595pt}.

[43]

Package fancyhdr Warning: \headheight is too small (14.0pt): 
(fancyhdr)                Make it at least 14.1595pt, for example:
(fancyhdr)                \setlength{\headheight}{14.1595pt}.
(fancyhdr)                You might also make \topmargin smaller:
(fancyhdr)                \addtolength{\topmargin}{-0.1595pt}.

[44]
Overfull \hbox (5.9199pt too wide) in paragraph at lines 424--425
\T1/lmr/m/n/12 BEAT_LOG (si-gnaux de pré-sence), RE-CI-PRO-CITY_LEDGER (solde c
ré-dit/débit unique
 []


Package fancyhdr Warning: \headheight is too small (14.0pt): 
(fancyhdr)                Make it at least 14.1595pt, for example:
(fancyhdr)                \setlength{\headheight}{14.1595pt}.
(fancyhdr)                You might also make \topmargin smaller:
(fancyhdr)                \addtolength{\topmargin}{-0.1595pt}.

[45]
Overfull \vbox (93.11772pt too high) has occurred while \output is active []



Package fancyhdr Warning: \headheight is too small (14.0pt): 
(fancyhdr)                Make it at least 14.1595pt, for example:
(fancyhdr)                \setlength{\headheight}{14.1595pt}.
(fancyhdr)                You might also make \topmargin smaller:
(fancyhdr)                \addtolength{\topmargin}{-0.1595pt}.

[46]

pdfTeX warning: pdflatex.exe (file ./figures/ERD.pdf): PDF inclusion: found PDF
 version <1.7>, but at most version <1.5> allowed
<figures/ERD.pdf, id=2991, 890.36638pt x 1287.85132pt>
File: figures/ERD.pdf Graphic file (type pdf)
<use figures/ERD.pdf>
Package pdftex.def Info: figures/ERD.pdf  used on input line 474.
(pdftex.def)             Requested size: 455.24411pt x 658.48549pt.

Package fancyhdr Warning: \headheight is too small (14.0pt): 
(fancyhdr)                Make it at least 14.1595pt, for example:
(fancyhdr)                \setlength{\headheight}{14.1595pt}.
(fancyhdr)                You might also make \topmargin smaller:
(fancyhdr)                \addtolength{\topmargin}{-0.1595pt}.

[47]

Package fancyhdr Warning: \headheight is too small (14.0pt): 
(fancyhdr)                Make it at least 14.1595pt, for example:
(fancyhdr)                \setlength{\headheight}{14.1595pt}.
(fancyhdr)                You might also make \topmargin smaller:
(fancyhdr)                \addtolength{\topmargin}{-0.1595pt}.

[48 <./figures/ERD.pdf>]

pdfTeX warning: pdflatex.exe (file ./figures/class_diagram_1_local.pdf): PDF in
clusion: found PDF version <1.7>, but at most version <1.5> allowed
<figures/class_diagram_1_local.pdf, id=3020, 803.8833pt x 253.90858pt>
File: figures/class_diagram_1_local.pdf Graphic file (type pdf)
<use figures/class_diagram_1_local.pdf>
Package pdftex.def Info: figures/class_diagram_1_local.pdf  used on input line 
486.
(pdftex.def)             Requested size: 409.71692pt x 129.4103pt.

Overfull \hbox (6.9228pt too wide) in paragraph at lines 513--513
[]|\T1/lmr/m/n/10.95 ScrubbingCapability| 
 []


Package fancyhdr Warning: \headheight is too small (14.0pt): 
(fancyhdr)                Make it at least 14.1595pt, for example:
(fancyhdr)                \setlength{\headheight}{14.1595pt}.
(fancyhdr)                You might also make \topmargin smaller:
(fancyhdr)                \addtolength{\topmargin}{-0.1595pt}.

[49

 <./figures/class_diagram_1_local.pdf>]

pdfTeX warning: pdflatex.exe (file ./figures/class_diagram_2_peers.pdf): PDF in
clusion: found PDF version <1.7>, but at most version <1.5> allowed
<figures/class_diagram_2_peers.pdf, id=3039, 745.82639pt x 666.57025pt>
File: figures/class_diagram_2_peers.pdf Graphic file (type pdf)
<use figures/class_diagram_2_peers.pdf>
Package pdftex.def Info: figures/class_diagram_2_peers.pdf  used on input line 
522.
(pdftex.def)             Requested size: 455.24411pt x 406.8717pt.

Package fancyhdr Warning: \headheight is too small (14.0pt): 
(fancyhdr)                Make it at least 14.1595pt, for example:
(fancyhdr)                \setlength{\headheight}{14.1595pt}.
(fancyhdr)                You might also make \topmargin smaller:
(fancyhdr)                \addtolength{\topmargin}{-0.1595pt}.

[50 <./figures/class_diagram_2_peers.pdf>]
Overfull \vbox (97.7975pt too high) has occurred while \output is active []



Package fancyhdr Warning: \headheight is too small (14.0pt): 
(fancyhdr)                Make it at least 14.1595pt, for example:
(fancyhdr)                \setlength{\headheight}{14.1595pt}.
(fancyhdr)                You might also make \topmargin smaller:
(fancyhdr)                \addtolength{\topmargin}{-0.1595pt}.

[51]

pdfTeX warning: pdflatex.exe (file ./figures/class_diagram_3_sessions.pdf): PDF
 inclusion: found PDF version <1.7>, but at most version <1.5> allowed
<figures/class_diagram_3_sessions.pdf, id=3066, 731.8542pt x 1009.85275pt>
File: figures/class_diagram_3_sessions.pdf Graphic file (type pdf)
<use figures/class_diagram_3_sessions.pdf>
Package pdftex.def Info: figures/class_diagram_3_sessions.pdf  used on input li
ne 578.
(pdftex.def)             Requested size: 455.24411pt x 628.16707pt.

Package fancyhdr Warning: \headheight is too small (14.0pt): 
(fancyhdr)                Make it at least 14.1595pt, for example:
(fancyhdr)                \setlength{\headheight}{14.1595pt}.
(fancyhdr)                You might also make \topmargin smaller:
(fancyhdr)                \addtolength{\topmargin}{-0.1595pt}.

[52]
Overfull \hbox (19.94168pt too wide) in paragraph at lines 609--609
[]|\T1/lmr/m/n/10.95 ReciprocityTransaction| 
 []


Package fancyhdr Warning: \headheight is too small (14.0pt): 
(fancyhdr)                Make it at least 14.1595pt, for example:
(fancyhdr)                \setlength{\headheight}{14.1595pt}.
(fancyhdr)                You might also make \topmargin smaller:
(fancyhdr)                \addtolength{\topmargin}{-0.1595pt}.

[53 <./figures/class_diagram_3_sessions.pdf>]

Package fancyhdr Warning: \headheight is too small (14.0pt): 
(fancyhdr)                Make it at least 14.1595pt, for example:
(fancyhdr)                \setlength{\headheight}{14.1595pt}.
(fancyhdr)                You might also make \topmargin smaller:
(fancyhdr)                \addtolength{\topmargin}{-0.1595pt}.

[54]
Overfull \hbox (23.23505pt too wide) in paragraph at lines 620--621
\T1/lmr/m/n/12 Dans ce mo-dèle, au-cune re-la-tion M :N di-recte n'est pré-sent
e ; la table HELP_SESSIONS
 []


Package fancyhdr Warning: \headheight is too small (14.0pt): 
(fancyhdr)                Make it at least 14.1595pt, for example:
(fancyhdr)                \setlength{\headheight}{14.1595pt}.
(fancyhdr)                You might also make \topmargin smaller:
(fancyhdr)                \addtolength{\topmargin}{-0.1595pt}.

[55]

Package fancyhdr Warning: \headheight is too small (14.0pt): 
(fancyhdr)                Make it at least 14.1595pt, for example:
(fancyhdr)                \setlength{\headheight}{14.1595pt}.
(fancyhdr)                You might also make \topmargin smaller:
(fancyhdr)                \addtolength{\topmargin}{-0.1595pt}.

[56]

Package fancyhdr Warning: \headheight is too small (14.0pt): 
(fancyhdr)                Make it at least 14.1595pt, for example:
(fancyhdr)                \setlength{\headheight}{14.1595pt}.
(fancyhdr)                You might also make \topmargin smaller:
(fancyhdr)                \addtolength{\topmargin}{-0.1595pt}.

[57]

pdfTeX warning: pdflatex.exe (file ./figures/wsm_distribution_figure.pdf): PDF 
inclusion: found PDF version <1.7>, but at most version <1.5> allowed
<figures/wsm_distribution_figure.pdf, id=3140, 634.37pt x 306.14375pt>
File: figures/wsm_distribution_figure.pdf Graphic file (type pdf)
<use figures/wsm_distribution_figure.pdf>
Package pdftex.def Info: figures/wsm_distribution_figure.pdf  used on input lin
e 792.
(pdftex.def)             Requested size: 455.24411pt x 219.70393pt.

Package fancyhdr Warning: \headheight is too small (14.0pt): 
(fancyhdr)                Make it at least 14.1595pt, for example:
(fancyhdr)                \setlength{\headheight}{14.1595pt}.
(fancyhdr)                You might also make \topmargin smaller:
(fancyhdr)                \addtolength{\topmargin}{-0.1595pt}.

[58]

pdfTeX warning: pdflatex.exe (file ./figures/activity_diagram.pdf): PDF inclusi
on: found PDF version <1.7>, but at most version <1.5> allowed
<figures/activity_diagram.pdf, id=3151, 1157.28355pt x 811.11026pt>
File: figures/activity_diagram.pdf Graphic file (type pdf)
<use figures/activity_diagram.pdf>
Package pdftex.def Info: figures/activity_diagram.pdf  used on input line 804.
(pdftex.def)             Requested size: 455.24411pt x 319.06694pt.

Package fancyhdr Warning: \headheight is too small (14.0pt): 
(fancyhdr)                Make it at least 14.1595pt, for example:
(fancyhdr)                \setlength{\headheight}{14.1595pt}.
(fancyhdr)                You might also make \topmargin smaller:
(fancyhdr)                \addtolength{\topmargin}{-0.1595pt}.

[59 <./figures/wsm_distribution_figure.pdf>]

Package fancyhdr Warning: \headheight is too small (14.0pt): 
(fancyhdr)                Make it at least 14.1595pt, for example:
(fancyhdr)                \setlength{\headheight}{14.1595pt}.
(fancyhdr)                You might also make \topmargin smaller:
(fancyhdr)                \addtolength{\topmargin}{-0.1595pt}.

[60 <./figures/activity_diagram.pdf>]

pdfTeX warning: pdflatex.exe (file ./figures/seq_auth_jwt.pdf): PDF inclusion: 
found PDF version <1.7>, but at most version <1.5> allowed
<figures/seq_auth_jwt.pdf, id=3350, 904.46017pt x 1366.30763pt>
File: figures/seq_auth_jwt.pdf Graphic file (type pdf)
<use figures/seq_auth_jwt.pdf>
Package pdftex.def Info: figures/seq_auth_jwt.pdf  used on input line 823.
(pdftex.def)             Requested size: 455.24411pt x 687.7179pt.

Package fancyhdr Warning: \headheight is too small (14.0pt): 
(fancyhdr)                Make it at least 14.1595pt, for example:
(fancyhdr)                \setlength{\headheight}{14.1595pt}.
(fancyhdr)                You might also make \topmargin smaller:
(fancyhdr)                \addtolength{\topmargin}{-0.1595pt}.

[61

]
Overfull \vbox (9.4348pt too high) has occurred while \output is active []



Package fancyhdr Warning: \headheight is too small (14.0pt): 
(fancyhdr)                Make it at least 14.1595pt, for example:
(fancyhdr)                \setlength{\headheight}{14.1595pt}.
(fancyhdr)                You might also make \topmargin smaller:
(fancyhdr)                \addtolength{\topmargin}{-0.1595pt}.

[62 <./figures/seq_auth_jwt.pdf>]

pdfTeX warning: pdflatex.exe (file ./figures/seq_mitigation.pdf): PDF inclusion
: found PDF version <1.7>, but at most version <1.5> allowed
<figures/seq_mitigation.pdf, id=4492, 857.00694pt x 1043.2305pt>
File: figures/seq_mitigation.pdf Graphic file (type pdf)
<use figures/seq_mitigation.pdf>
Package pdftex.def Info: figures/seq_mitigation.pdf  used on input line 836.
(pdftex.def)             Requested size: 432.48051pt x 526.45316pt.

Package fancyhdr Warning: \headheight is too small (14.0pt): 
(fancyhdr)                Make it at least 14.1595pt, for example:
(fancyhdr)                \setlength{\headheight}{14.1595pt}.
(fancyhdr)                You might also make \topmargin smaller:
(fancyhdr)                \addtolength{\topmargin}{-0.1595pt}.

[63

]

Package fancyhdr Warning: \headheight is too small (14.0pt): 
(fancyhdr)                Make it at least 14.1595pt, for example:
(fancyhdr)                \setlength{\headheight}{14.1595pt}.
(fancyhdr)                You might also make \topmargin smaller:
(fancyhdr)                \addtolength{\topmargin}{-0.1595pt}.

[64 <./figures/seq_mitigation.pdf>]
Overfull \hbox (48.25616pt too wide) in paragraph at lines 845--846
\T1/lmr/m/n/12 col-lecte la cré-di-bi-lité ré-seau $\OML/lmm/m/it/12 Cr[]$ \T1/
lmr/m/n/12 en in-ter-ro-geant chaque pair ac-tif via \T1/lmtt/m/n/12 GET /trust
/{self_node_id} \T1/lmr/m/n/12 ;
 []



pdfTeX warning: pdflatex.exe (file ./figures/seq_peertrust.pdf): PDF inclusion:
 found PDF version <1.7>, but at most version <1.5> allowed
<figures/seq_peertrust.pdf, id=5205, 914.01044pt x 1664.15967pt>
File: figures/seq_peertrust.pdf Graphic file (type pdf)
<use figures/seq_peertrust.pdf>
Package pdftex.def Info: figures/seq_peertrust.pdf  used on input line 849.
(pdftex.def)             Requested size: 318.66948pt x 580.20464pt.

Package fancyhdr Warning: \headheight is too small (14.0pt): 
(fancyhdr)                Make it at least 14.1595pt, for example:
(fancyhdr)                \setlength{\headheight}{14.1595pt}.
(fancyhdr)                You might also make \topmargin smaller:
(fancyhdr)                \addtolength{\topmargin}{-0.1595pt}.

[65

]

Package fancyhdr Warning: \headheight is too small (14.0pt): 
(fancyhdr)                Make it at least 14.1595pt, for example:
(fancyhdr)                \setlength{\headheight}{14.1595pt}.
(fancyhdr)                You might also make \topmargin smaller:
(fancyhdr)                \addtolength{\topmargin}{-0.1595pt}.

[66 <./figures/seq_peertrust.pdf>]
Overfull \hbox (7.26883pt too wide) in paragraph at lines 865--866
[]\T1/lmr/m/n/12 L'empreinte du cer-ti-fi-cat de chaque pair est sto-ckée dans 
le champ cer-ti-fi-cate_fingerprint
 []


Package fancyhdr Warning: \headheight is too small (14.0pt): 
(fancyhdr)                Make it at least 14.1595pt, for example:
(fancyhdr)                \setlength{\headheight}{14.1595pt}.
(fancyhdr)                You might also make \topmargin smaller:
(fancyhdr)                \addtolength{\topmargin}{-0.1595pt}.

[67

]

Package fancyhdr Warning: \headheight is too small (14.0pt): 
(fancyhdr)                Make it at least 14.1595pt, for example:
(fancyhdr)                \setlength{\headheight}{14.1595pt}.
(fancyhdr)                You might also make \topmargin smaller:
(fancyhdr)                \addtolength{\topmargin}{-0.1595pt}.

[68]) (chapters/chapter4.tex

Package fancyhdr Warning: \headheight is too small (14.0pt): 
(fancyhdr)                Make it at least 14.1595pt, for example:
(fancyhdr)                \setlength{\headheight}{14.1595pt}.
(fancyhdr)                You might also make \topmargin smaller:
(fancyhdr)                \addtolength{\topmargin}{-0.1595pt}.

[69]
Chapitre 4.
! Undefined control sequence.
l.21 \techentry
               {%
The control sequence at the end of the top line
of your error message was never \def'ed. If you have
misspelled it (e.g., `\hobx'), type `I' and the correct
spelling (e.g., `I\hbox'). Otherwise just continue,
and I'll forget about whatever was undefined.


Overfull \hbox (3.8217pt too wide) in paragraph at lines 22--24
\T1/lmr/m/n/12 blo-quant. Il consti-tue le lan-gage prin-ci-pal du back-end via
 Node.js ([][]\T1/lmr/m/sc/12 OpenJS Foundation[]\T1/lmr/m/n/12 ,
 []

! Undefined control sequence.
l.25 \techentry
               {%
The control sequence at the end of the top line
of your error message was never \def'ed. If you have
misspelled it (e.g., `\hobx'), type `I' and the correct
spelling (e.g., `I\hbox'). Otherwise just continue,
and I'll forget about whatever was undefined.

! Undefined control sequence.
l.33 \techentry
               {%
The control sequence at the end of the top line
of your error message was never \def'ed. If you have
misspelled it (e.g., `\hobx'), type `I' and the correct
spelling (e.g., `I\hbox'). Otherwise just continue,
and I'll forget about whatever was undefined.


LaTeX Font Warning: Font shape `T1/lmr/bx/sc' undefined
(Font)              using `T1/lmr/bx/n' instead on input line 34.

! Undefined control sequence.
l.37 \techentry
               {%
The control sequence at the end of the top line
of your error message was never \def'ed. If you have
misspelled it (e.g., `\hobx'), type `I' and the correct
spelling (e.g., `I\hbox'). Otherwise just continue,
and I'll forget about whatever was undefined.

! Undefined control sequence.
l.41 \techentry
               {%
The control sequence at the end of the top line
of your error message was never \def'ed. If you have
misspelled it (e.g., `\hobx'), type `I' and the correct
spelling (e.g., `I\hbox'). Otherwise just continue,
and I'll forget about whatever was undefined.


Package fancyhdr Warning: \headheight is too small (14.0pt): 
(fancyhdr)                Make it at least 14.1595pt, for example:
(fancyhdr)                \setlength{\headheight}{14.1595pt}.
(fancyhdr)                You might also make \topmargin smaller:
(fancyhdr)                \addtolength{\topmargin}{-0.1595pt}.

[70

]
! Undefined control sequence.
l.45 \techentry
               {%
The control sequence at the end of the top line
of your error message was never \def'ed. If you have
misspelled it (e.g., `\hobx'), type `I' and the correct
spelling (e.g., `I\hbox'). Otherwise just continue,
and I'll forget about whatever was undefined.

! Undefined control sequence.
l.49 \techentry
               {%
The control sequence at the end of the top line
of your error message was never \def'ed. If you have
misspelled it (e.g., `\hobx'), type `I' and the correct
spelling (e.g., `I\hbox'). Otherwise just continue,
and I'll forget about whatever was undefined.

! Undefined control sequence.
l.53 \techentry
               {%
The control sequence at the end of the top line
of your error message was never \def'ed. If you have
misspelled it (e.g., `\hobx'), type `I' and the correct
spelling (e.g., `I\hbox'). Otherwise just continue,
and I'll forget about whatever was undefined.

! Undefined control sequence.
l.61 \techentry
               {%
The control sequence at the end of the top line
of your error message was never \def'ed. If you have
misspelled it (e.g., `\hobx'), type `I' and the correct
spelling (e.g., `I\hbox'). Otherwise just continue,
and I'll forget about whatever was undefined.


LaTeX Warning: File `figures/deployment_diagram1.pdf' not found on input line 7
1.


! Package pdftex.def Error: File `figures/deployment_diagram1.pdf' not found: u
sing draft setting.

See the pdftex.def package documentation for explanation.
Type  H <return>  for immediate help.
 ...                                              
                                                  
l.71 ...extwidth]{figures/deployment_diagram1.pdf}
                                                  
Try typing  <return>  to proceed.
If that doesn't work, type  X <return>  to quit.


Package fancyhdr Warning: \headheight is too small (14.0pt): 
(fancyhdr)                Make it at least 14.1595pt, for example:
(fancyhdr)                \setlength{\headheight}{14.1595pt}.
(fancyhdr)                You might also make \topmargin smaller:
(fancyhdr)                \addtolength{\topmargin}{-0.1595pt}.

[71]
! Undefined control sequence.
l.80 \techentry
               {%
The control sequence at the end of the top line
of your error message was never \def'ed. If you have
misspelled it (e.g., `\hobx'), type `I' and the correct
spelling (e.g., `I\hbox'). Otherwise just continue,
and I'll forget about whatever was undefined.

! Undefined control sequence.
l.84 \techentry
               {%
The control sequence at the end of the top line
of your error message was never \def'ed. If you have
misspelled it (e.g., `\hobx'), type `I' and the correct
spelling (e.g., `I\hbox'). Otherwise just continue,
and I'll forget about whatever was undefined.


Package fancyhdr Warning: \headheight is too small (14.0pt): 
(fancyhdr)                Make it at least 14.1595pt, for example:
(fancyhdr)                \setlength{\headheight}{14.1595pt}.
(fancyhdr)                You might also make \topmargin smaller:
(fancyhdr)                \addtolength{\topmargin}{-0.1595pt}.

[72]
<figures/shieldnet_directory_tree.png, id=6936, 1445.4pt x 843.15pt>
File: figures/shieldnet_directory_tree.png Graphic file (type png)
<use figures/shieldnet_directory_tree.png>
Package pdftex.def Info: figures/shieldnet_directory_tree.png  used on input li
ne 94.
(pdftex.def)             Requested size: 455.24411pt x 265.55505pt.
Package hyperref Info: bookmark level for unknown lstlisting defaults to 0 on i
nput line 108.
LaTeX Font Info:    Font shape `T1/lmtt/bx/n' in size <10> not available
(Font)              Font shape `T1/lmtt/b/n' tried instead on input line 109.


Package fancyhdr Warning: \headheight is too small (14.0pt): 
(fancyhdr)                Make it at least 14.1595pt, for example:
(fancyhdr)                \setlength{\headheight}{14.1595pt}.
(fancyhdr)                You might also make \topmargin smaller:
(fancyhdr)                \addtolength{\topmargin}{-0.1595pt}.

[73 <./figures/shieldnet_directory_tree.png>]
Overfull \hbox (34.11105pt too wide) in paragraph at lines 176--177
[]\T1/lmr/m/n/12 La fonc-tion \T1/lmtt/m/n/12 recalculateAndSave(peer_id) \T1/l
mr/m/n/12 re-cal-cule le score, le per-siste dans \T1/lmtt/m/n/12 TRUST_SCORES
 []


Overfull \hbox (7.45444pt too wide) in paragraph at lines 176--177
\T1/lmr/m/n/12 et ap-plique au-to-ma-ti-que-ment la sanc-tion si le score tombe
 sous 0.20. Le champ \T1/lmtt/m/n/12 trust_level
 []


Overfull \hbox (27.20132pt too wide) in paragraph at lines 176--177
\T1/lmr/m/n/12 ment de ni-veau dé-clenche par ailleurs une en-trée dans \T1/lmt
t/m/n/12 AUDIT_LOG \T1/lmr/m/n/12 (type \T1/lmtt/m/n/12 TRUST_LEVEL_CHANGED\T1/
lmr/m/n/12 ),
 []


Package fancyhdr Warning: \headheight is too small (14.0pt): 
(fancyhdr)                Make it at least 14.1595pt, for example:
(fancyhdr)                \setlength{\headheight}{14.1595pt}.
(fancyhdr)                You might also make \topmargin smaller:
(fancyhdr)                \addtolength{\topmargin}{-0.1595pt}.

[74]
Overfull \hbox (28.76523pt too wide) in paragraph at lines 184--185
[]\T1/lmr/m/n/12 Le mo-dule \T1/lmtt/m/n/12 utils/peerSelector.js \T1/lmr/m/n/1
2 im-plé-mente l'Équa-tion [][]3.2[][]. La fonc-tion \T1/lmtt/m/n/12 selectPeer
s()
 []


Package fancyhdr Warning: \headheight is too small (14.0pt): 
(fancyhdr)                Make it at least 14.1595pt, for example:
(fancyhdr)                \setlength{\headheight}{14.1595pt}.
(fancyhdr)                You might also make \topmargin smaller:
(fancyhdr)                \addtolength{\topmargin}{-0.1595pt}.

[75]
Overfull \hbox (37.5312pt too wide) in paragraph at lines 246--247
 []\T1/lmr/bx/sc/12 Principe d'un cycle.[] \T1/lmr/m/n/12 Les pairs sont par-co
u-rus sé-quen-tiel-le-ment dans l'ordre $\OML/lmm/m/it/12 N[]; N[]; [] ; N[]$\T
1/lmr/m/n/12 .
 []



pdfTeX warning: pdflatex.exe (file ./figures/wrr_distribution.pdf): PDF inclusi
on: found PDF version <1.7>, but at most version <1.5> allowed
<figures/wrr_distribution.pdf, id=7035, 952.8097pt x 574.64688pt>
File: figures/wrr_distribution.pdf Graphic file (type pdf)
<use figures/wrr_distribution.pdf>
Package pdftex.def Info: figures/wrr_distribution.pdf  used on input line 257.
(pdftex.def)             Requested size: 455.24411pt x 274.56471pt.

Package fancyhdr Warning: \headheight is too small (14.0pt): 
(fancyhdr)                Make it at least 14.1595pt, for example:
(fancyhdr)                \setlength{\headheight}{14.1595pt}.
(fancyhdr)                You might also make \topmargin smaller:
(fancyhdr)                \addtolength{\topmargin}{-0.1595pt}.

[76]

Package fancyhdr Warning: \headheight is too small (14.0pt): 
(fancyhdr)                Make it at least 14.1595pt, for example:
(fancyhdr)                \setlength{\headheight}{14.1595pt}.
(fancyhdr)                You might also make \topmargin smaller:
(fancyhdr)                \addtolength{\topmargin}{-0.1595pt}.

[77 <./figures/wrr_distribution.pdf>]

Package fancyhdr Warning: \headheight is too small (14.0pt): 
(fancyhdr)                Make it at least 14.1595pt, for example:
(fancyhdr)                \setlength{\headheight}{14.1595pt}.
(fancyhdr)                You might also make \topmargin smaller:
(fancyhdr)                \addtolength{\topmargin}{-0.1595pt}.

[78]

Package fancyhdr Warning: \headheight is too small (14.0pt): 
(fancyhdr)                Make it at least 14.1595pt, for example:
(fancyhdr)                \setlength{\headheight}{14.1595pt}.
(fancyhdr)                You might also make \topmargin smaller:
(fancyhdr)                \addtolength{\topmargin}{-0.1595pt}.

[79]

Package fancyhdr Warning: \headheight is too small (14.0pt): 
(fancyhdr)                Make it at least 14.1595pt, for example:
(fancyhdr)                \setlength{\headheight}{14.1595pt}.
(fancyhdr)                You might also make \topmargin smaller:
(fancyhdr)                \addtolength{\topmargin}{-0.1595pt}.

[80]

Package fancyhdr Warning: \headheight is too small (14.0pt): 
(fancyhdr)                Make it at least 14.1595pt, for example:
(fancyhdr)                \setlength{\headheight}{14.1595pt}.
(fancyhdr)                You might also make \topmargin smaller:
(fancyhdr)                \addtolength{\topmargin}{-0.1595pt}.

[81]
Overfull \hbox (10.28624pt too wide) in paragraph at lines 511--512
\T1/lmtt/m/n/12 asyncio \T1/lmr/m/n/12 ([][]\T1/lmr/m/sc/12 Python Software Fou
ndation[]\T1/lmr/m/n/12 , [][]2024[][]) et \T1/lmtt/m/n/12 aiohttp \T1/lmr/m/n/
12 ([][]\T1/lmr/m/sc/12 aiohttp contributors[]\T1/lmr/m/n/12 ,
 []


Underfull \hbox (badness 10000) in paragraph at lines 536--536
[]|\T1/lmr/m/n/10.95 2 ses-sions :
 []


Underfull \hbox (badness 10000) in paragraph at lines 536--536
\OML/lmm/m/it/10.95 S[][]\OT1/lmr/m/n/10.95 0[]8\OML/lmm/m/it/10.95 ; Cr[][]\OT
1/lmr/m/n/10.95 0[]9\OML/lmm/m/it/10.95 ; D[][]\OT1/lmr/m/n/10.95 0[]75$
 []


Underfull \hbox (badness 10000) in paragraph at lines 536--536
\T1/lmr/m/n/10.95 (HIGH) ;
 []


Underfull \hbox (badness 10000) in paragraph at lines 536--536
\OML/lmm/m/it/10.95 S[][]\OT1/lmr/m/n/10.95 0[]5\OML/lmm/m/it/10.95 ; Cr[][]\OT
1/lmr/m/n/10.95 0[]6\OML/lmm/m/it/10.95 ; D[][]\OT1/lmr/m/n/10.95 0[]25$
 []


Package fancyhdr Warning: \headheight is too small (14.0pt): 
(fancyhdr)                Make it at least 14.1595pt, for example:
(fancyhdr)                \setlength{\headheight}{14.1595pt}.
(fancyhdr)                You might also make \topmargin smaller:
(fancyhdr)                \addtolength{\topmargin}{-0.1595pt}.

[82]
Overfull \hbox (41.2285pt too wide) in paragraph at lines 552--570
 [][] 
 []

<figures/shieldnet_scalability.png, id=7539, 1076.3412pt x 356.532pt>
File: figures/shieldnet_scalability.png Graphic file (type png)
<use figures/shieldnet_scalability.png>
Package pdftex.def Info: figures/shieldnet_scalability.png  used on input line 
574.
(pdftex.def)             Requested size: 455.24411pt x 150.7978pt.

Package fancyhdr Warning: \headheight is too small (14.0pt): 
(fancyhdr)                Make it at least 14.1595pt, for example:
(fancyhdr)                \setlength{\headheight}{14.1595pt}.
(fancyhdr)                You might also make \topmargin smaller:
(fancyhdr)                \addtolength{\topmargin}{-0.1595pt}.

[83]

Package fancyhdr Warning: \headheight is too small (14.0pt): 
(fancyhdr)                Make it at least 14.1595pt, for example:
(fancyhdr)                \setlength{\headheight}{14.1595pt}.
(fancyhdr)                You might also make \topmargin smaller:
(fancyhdr)                \addtolength{\topmargin}{-0.1595pt}.

[84 <./figures/shieldnet_scalability.png>]
LaTeX Font Info:    Trying to load font information for TS1+lmr on input line 6
44.

(C:\Users\21355\AppData\Local\Programs\MiKTeX\tex/latex/lm\ts1lmr.fd
File: ts1lmr.fd 2015/05/01 v1.6.1 Font defs for Latin Modern
)
<figures/captures/cap_overview.png, id=7560, 1432.60219pt x 596.2275pt>
File: figures/captures/cap_overview.png Graphic file (type png)
<use figures/captures/cap_overview.png>
Package pdftex.def Info: figures/captures/cap_overview.png  used on input line 
657.
(pdftex.def)             Requested size: 455.24411pt x 189.45934pt.


Package fancyhdr Warning: \headheight is too small (14.0pt): 
(fancyhdr)                Make it at least 14.1595pt, for example:
(fancyhdr)                \setlength{\headheight}{14.1595pt}.
(fancyhdr)                You might also make \topmargin smaller:
(fancyhdr)                \addtolength{\topmargin}{-0.1595pt}.

[85{C:/Users/21355/AppData/Local/Programs/MiKTeX/fonts/enc/dvips/lm/lm-ts1.enc}
]
<figures/captures/cap_nodes.png, id=7568, 1412.27625pt x 526.96875pt>
File: figures/captures/cap_nodes.png Graphic file (type png)
<use figures/captures/cap_nodes.png>
Package pdftex.def Info: figures/captures/cap_nodes.png  used on input line 666
.
(pdftex.def)             Requested size: 455.24411pt x 169.8637pt.
<figures/captures/cap_attack_wsm.png, id=7570, 1426.57968pt x 592.46344pt>
File: figures/captures/cap_attack_wsm.png Graphic file (type png)
<use figures/captures/cap_attack_wsm.png>
Package pdftex.def Info: figures/captures/cap_attack_wsm.png  used on input lin
e 676.
(pdftex.def)             Requested size: 455.24411pt x 189.05879pt.


Package fancyhdr Warning: \headheight is too small (14.0pt): 
(fancyhdr)                Make it at least 14.1595pt, for example:
(fancyhdr)                \setlength{\headheight}{14.1595pt}.
(fancyhdr)                You might also make \topmargin smaller:
(fancyhdr)                \addtolength{\topmargin}{-0.1595pt}.

[86 <./figures/captures/cap_overview.png> <./figures/captures/cap_nodes.png>]
<figures/captures/cap_wsm_full.png, id=7580, 1376.14125pt x 593.21625pt>
File: figures/captures/cap_wsm_full.png Graphic file (type png)
<use figures/captures/cap_wsm_full.png>
Package pdftex.def Info: figures/captures/cap_wsm_full.png  used on input line 
686.
(pdftex.def)             Requested size: 455.24411pt x 196.2417pt.
<figures/captures/cap_mitigation.png, id=7582, 1391.1975pt x 524.71031pt>
File: figures/captures/cap_mitigation.png Graphic file (type png)
<use figures/captures/cap_mitigation.png>
Package pdftex.def Info: figures/captures/cap_mitigation.png  used on input lin
e 696.
(pdftex.def)             Requested size: 455.24411pt x 171.69775pt.


Package fancyhdr Warning: \headheight is too small (14.0pt): 
(fancyhdr)                Make it at least 14.1595pt, for example:
(fancyhdr)                \setlength{\headheight}{14.1595pt}.
(fancyhdr)                You might also make \topmargin smaller:
(fancyhdr)                \addtolength{\topmargin}{-0.1595pt}.

[87 <./figures/captures/cap_attack_wsm.png> <./figures/captures/cap_wsm_full.pn
g>]
<figures/captures/cap_audit.png, id=7592, 1394.20876pt x 439.6425pt>
File: figures/captures/cap_audit.png Graphic file (type png)
<use figures/captures/cap_audit.png>
Package pdftex.def Info: figures/captures/cap_audit.png  used on input line 706
.
(pdftex.def)             Requested size: 455.24411pt x 143.55295pt.

Overfull \hbox (19.87288pt too wide) in paragraph at lines 711--712
[]\T1/lmr/m/n/12 La Fi-gure [][]4.11[][] pré-sente les mes-sages P2P échan-gés 
pen-dant la si-mu-la-tion : les \T1/lmtt/m/n/12 HELP_ACCEPT
 []

<figures/captures/cap_messages.png, id=7594, 1400.98407pt x 435.87843pt>
File: figures/captures/cap_messages.png Graphic file (type png)
<use figures/captures/cap_messages.png>
Package pdftex.def Info: figures/captures/cap_messages.png  used on input line 
715.
(pdftex.def)             Requested size: 455.24411pt x 141.6322pt.

Package fancyhdr Warning: \headheight is too small (14.0pt): 
(fancyhdr)                Make it at least 14.1595pt, for example:
(fancyhdr)                \setlength{\headheight}{14.1595pt}.
(fancyhdr)                You might also make \topmargin smaller:
(fancyhdr)                \addtolength{\topmargin}{-0.1595pt}.

[88 <./figures/captures/cap_mitigation.png> <./figures/captures/cap_audit.png>]
<figures/captures/cap_heartbeats.png, id=7604, 1397.97281pt x 423.08063pt>
File: figures/captures/cap_heartbeats.png Graphic file (type png)
<use figures/captures/cap_heartbeats.png>
Package pdftex.def Info: figures/captures/cap_heartbeats.png  used on input lin
e 725.
(pdftex.def)             Requested size: 455.24411pt x 137.7707pt.
) (chapters/conclusion.tex

Package fancyhdr Warning: \headheight is too small (14.0pt): 
(fancyhdr)                Make it at least 14.1595pt, for example:
(fancyhdr)                \setlength{\headheight}{14.1595pt}.
(fancyhdr)                You might also make \topmargin smaller:
(fancyhdr)                \addtolength{\topmargin}{-0.1595pt}.

[89 <./figures/captures/cap_messages.png> <./figures/captures/cap_heartbeats.pn
g>]

Package fancyhdr Warning: \headheight is too small (14.0pt): 
(fancyhdr)                Make it at least 14.1595pt, for example:
(fancyhdr)                \setlength{\headheight}{14.1595pt}.
(fancyhdr)                You might also make \topmargin smaller:
(fancyhdr)                \addtolength{\topmargin}{-0.1595pt}.

[90] [91

]) [92]
Overfull \hbox (20.57066pt too wide) in paragraph at lines 247--247
\T1/lmr/m/n/12 [Cloud-flare Blog]. \T1/lmr/m/sc/12 url \T1/lmr/m/n/12 : [][]$ht
tps : / / blog . cloud^^]are . com / memcrashed -[] major -[] ampli^^\cation -[
]
 []

[93

] [94] [95]

Package glossaries Warning: No \printglossary or \printglossaries found. 
(Remove \makeglossaries if you don't want any glossaries.) 
This document will not have a glossary.

[96] (main.aux)
 ***********
LaTeX2e <2025-11-01>
L3 programming layer <2026-01-19>
 ***********


LaTeX Font Warning: Some font shapes were not available, defaults substituted.

Package rerunfilecheck Info: File `main.out' has not changed.
(rerunfilecheck)             Checksum: BD1E7D7BA30BFDA04717D056AA9EA534;33178.
Package logreq Info: Writing requests to 'main.run.xml'.
\openout1 = `main.run.xml'.

 ) 
Here is how much of TeX's memory you used:
 47349 strings out of 467867
 950398 string characters out of 5418335
 2160428 words of memory out of 5000000
 74824 multiletter control sequences out of 15000+600000
 736753 words of font info for 102 fonts, out of 8000000 for 9000
 1141 hyphenation exceptions out of 8191
 84i,16n,94p,2524b,2905s stack positions out of 10000i,1000n,20000p,200000b,200000s

pdfTeX warning (dest): name{glo:jwt} has been referenced but does not exist, re
placed by a fixed one


pdfTeX warning (dest): name{glo:mtls} has been referenced but does not exist, r
eplaced by a fixed one


pdfTeX warning (dest): name{glo:tls} has been referenced but does not exist, re
placed by a fixed one


pdfTeX warning (dest): name{glo:uuid} has been referenced but does not exist, r
eplaced by a fixed one


pdfTeX warning (dest): name{glo:uml} has been referenced but does not exist, re
placed by a fixed one


pdfTeX warning (dest): name{glo:as} has been referenced but does not exist, rep
laced by a fixed one


pdfTeX warning (dest): name{glo:dpi} has been referenced but does not exist, re
placed by a fixed one


pdfTeX warning (dest): name{glo:acl} has been referenced but does not exist, re
placed by a fixed one


pdfTeX warning (dest): name{glo:cbor} has been referenced but does not exist, r
eplaced by a fixed one


pdfTeX warning (dest): name{glo:dtls} has been referenced but does not exist, r
eplaced by a fixed one


pdfTeX warning (dest): name{glo:coap} has been referenced but does not exist, r
eplaced by a fixed one


pdfTeX warning (dest): name{glo:dht} has been referenced but does not exist, re
placed by a fixed one


pdfTeX warning (dest): name{glo:nlri} has been referenced but does not exist, r
eplaced by a fixed one


pdfTeX warning (dest): name{glo:gre} has been referenced but does not exist, re
placed by a fixed one


pdfTeX warning (dest): name{glo:bgp} has been referenced but does not exist, re
placed by a fixed one


pdfTeX warning (dest): name{glo:waf} has been referenced but does not exist, re
placed by a fixed one


pdfTeX warning (dest): name{glo:fai} has been referenced but does not exist, re
placed by a fixed one


pdfTeX warning (dest): name{glo:dos} has been referenced but does not exist, re
placed by a fixed one


pdfTeX warning (dest): name{glo:rest} has been referenced but does not exist, r
eplaced by a fixed one


pdfTeX warning (dest): name{glo:api} has been referenced but does not exist, re
placed by a fixed one


pdfTeX warning (dest): name{glo:wsm} has been referenced but does not exist, re
placed by a fixed one


pdfTeX warning (dest): name{glo:spof} has been referenced but does not exist, r
eplaced by a fixed one


pdfTeX warning (dest): name{glo:iot} has been referenced but does not exist, re
placed by a fixed one


pdfTeX warning (dest): name{glo:p2p} has been referenced but does not exist, re
placed by a fixed one


pdfTeX warning (dest): name{glo:dots} has been referenced but does not exist, r
eplaced by a fixed one


pdfTeX warning (dest): name{glo:ahp} has been referenced but does not exist, re
placed by a fixed one


pdfTeX warning (dest): name{glo:ddos} has been referenced but does not exist, r
eplaced by a fixed one

<C:/Users/21355/AppData/Local/Programs/MiKTeX/fonts/type1/public/lm/lmbx10.pfb>
<C:/Users/21355/AppData/Local/Programs/MiKTeX/fonts/type1/public/lm/lmbx12.pfb>
<C:/Users/21355/AppData/Local/Programs/MiKTeX/fonts/type1/public/lm/lmbxi10.pfb
><C:/Users/21355/AppData/Local/Programs/MiKTeX/fonts/type1/public/lm/lmcsc10.pf
b><C:/Users/21355/AppData/Local/Programs/MiKTeX/fonts/type1/public/lm/lmex10.pf
b><C:/Users/21355/AppData/Local/Programs/MiKTeX/fonts/type1/public/lm/lmmi10.pf
b><C:/Users/21355/AppData/Local/Programs/MiKTeX/fonts/type1/public/lm/lmmi12.pf
b><C:/Users/21355/AppData/Local/Programs/MiKTeX/fonts/type1/public/lm/lmmi6.pfb
><C:/Users/21355/AppData/Local/Programs/MiKTeX/fonts/type1/public/lm/lmmi8.pfb>
<C:/Users/21355/AppData/Local/Programs/MiKTeX/fonts/type1/public/lm/lmr10.pfb><
C:/Users/21355/AppData/Local/Programs/MiKTeX/fonts/type1/public/lm/lmr12.pfb><C
:/Users/21355/AppData/Local/Programs/MiKTeX/fonts/type1/public/lm/lmr6.pfb><C:/
Users/21355/AppData/Local/Programs/MiKTeX/fonts/type1/public/lm/lmr8.pfb><C:/Us
ers/21355/AppData/Local/Programs/MiKTeX/fonts/type1/public/lm/lmri10.pfb><C:/Us
ers/21355/AppData/Local/Programs/MiKTeX/fonts/type1/public/lm/lmri12.pfb><C:/Us
ers/21355/AppData/Local/Programs/MiKTeX/fonts/type1/public/lm/lmri8.pfb><C:/Use
rs/21355/AppData/Local/Programs/MiKTeX/fonts/type1/public/lm/lmsy10.pfb><C:/Use
rs/21355/AppData/Local/Programs/MiKTeX/fonts/type1/public/lm/lmsy6.pfb><C:/User
s/21355/AppData/Local/Programs/MiKTeX/fonts/type1/public/lm/lmsy8.pfb><C:/Users
/21355/AppData/Local/Programs/MiKTeX/fonts/type1/public/lm/lmtk10.pfb><C:/Users
/21355/AppData/Local/Programs/MiKTeX/fonts/type1/public/lm/lmtt10.pfb><C:/Users
/21355/AppData/Local/Programs/MiKTeX/fonts/type1/public/lm/lmtt12.pfb><C:/Users
/21355/AppData/Local/Programs/MiKTeX/fonts/type1/public/lm/lmtt8.pfb><C:/Users/
21355/AppData/Local/Programs/MiKTeX/fonts/type1/public/lm/lmtti10.pfb><C:/Users
/21355/AppData/Local/Programs/MiKTeX/fonts/type1/public/amsfonts/symbols/msam10
.pfb><C:/Users/21355/AppData/Local/Programs/MiKTeX/fonts/type1/urw/zapfding/uzd
r.pfb>
Output written on main.pdf (111 pages, 8795848 bytes).
PDF statistics:
 7981 PDF objects out of 8907 (max. 8388607)
 716 named destinations out of 1000 (max. 500000)
 1342 words of extra memory for PDF output out of 10000 (max. 10000000)

